,t,n_start,n_end,weight,active
0,t0,n0,n1,0,1
1,t1,n1,n2,0,1
2,t1,n0,n2,0,1
3,t2,n2,n3,0,1
4,t2,n0,n3,0,1
5,t3,n2,n4,0,1
6,t3,n3,n4,0,1
7,t4,n2,n5,0,1
8,t4,n3,n5,0,1
9,t5,n2,n6,0,1
10,t5,n5,n6,0,1
11,t6,n2,n7,0,1
12,t6,n6,n7,0,1
13,t7,n5,n8,0,1
14,t7,n6,n8,0,1
15,t8,n6,n9,0,1
16,t8,n7,n9,0,1
17,t9,n3,n10,0,1
18,t9,n4,n10,0,1
19,t10,n6,n11,0,1
20,t10,n2,n11,0,1
21,t11,n0,n12,0,1
22,t11,n5,n12,0,1
23,t12,n4,n13,0,1
24,t12,n2,n13,0,1
25,t13,n0,n14,0,1
26,t13,n2,n14,0,1
27,t14,n14,n15,0,1
28,t14,n5,n15,0,1
29,t15,n6,n16,0,1
30,t15,n2,n16,0,1
31,t16,n2,n17,0,1
32,t16,n3,n17,0,1
33,t17,n14,n18,0,1
34,t17,n3,n18,0,1
35,t18,n2,n19,0,1
36,t18,n12,n19,0,1
37,t19,n5,n20,0,1
38,t19,n2,n20,0,1
39,t20,n3,n21,0,1
40,t20,n2,n21,0,1
41,t21,n2,n22,0,1
42,t21,n15,n22,0,1
43,t22,n3,n23,0,1
44,t22,n7,n23,0,1
45,t23,n20,n24,0,1
46,t23,n2,n24,0,1
47,t24,n2,n25,0,1
48,t24,n6,n25,0,1
49,t25,n24,n26,0,1
50,t25,n0,n26,0,1
51,t26,n2,n27,0,1
52,t26,n6,n27,0,1
53,t27,n5,n28,0,1
54,t27,n24,n28,0,1
55,t28,n6,n29,0,1
56,t28,n3,n29,0,1
57,t29,n25,n30,0,1
58,t29,n12,n30,0,1
59,t30,n30,n31,0,1
60,t30,n3,n31,0,1
61,t31,n25,n32,0,1
62,t31,n13,n32,0,1
63,t32,n2,n33,0,1
64,t32,n3,n33,0,1
65,t33,n2,n34,0,1
66,t33,n9,n34,0,1
67,t34,n15,n35,0,1
68,t34,n2,n35,0,1
69,t35,n3,n36,0,1
70,t35,n16,n36,0,1
71,t36,n24,n37,0,1
72,t36,n4,n37,0,1
73,t37,n6,n38,0,1
74,t37,n13,n38,0,1
75,t38,n2,n39,0,1
76,t38,n6,n39,0,1
77,t39,n3,n40,0,1
78,t39,n25,n40,0,1
79,t40,n36,n41,0,1
80,t40,n39,n41,0,1
81,t41,n6,n42,0,1
82,t41,n2,n42,0,1
83,t42,n6,n43,0,1
84,t42,n36,n43,0,1
85,t43,n7,n44,0,1
86,t43,n3,n44,0,1
87,t44,n3,n45,0,1
88,t44,n28,n45,0,1
89,t45,n10,n46,0,1
90,t45,n3,n46,0,1
91,t46,n5,n47,0,1
92,t46,n14,n47,0,1
93,t47,n20,n48,0,1
94,t47,n5,n48,0,1
95,t48,n4,n49,0,1
96,t48,n19,n49,0,1
97,t49,n39,n50,0,1
98,t49,n2,n50,0,1
99,t50,n21,n51,0,1
100,t50,n37,n51,0,1
101,t51,n39,n52,0,1
102,t51,n24,n52,0,1
103,t52,n3,n53,0,1
104,t52,n6,n53,0,1
105,t53,n24,n54,0,1
106,t53,n2,n54,0,1
107,t54,n3,n55,0,1
108,t54,n6,n55,0,1
109,t55,n19,n56,0,1
110,t55,n2,n56,0,1
111,t56,n7,n57,0,1
112,t56,n56,n57,0,1
113,t57,n48,n58,0,1
114,t57,n39,n58,0,1
115,t58,n15,n59,0,1
116,t58,n2,n59,0,1
117,t59,n6,n60,0,1
118,t59,n19,n60,0,1
119,t60,n6,n61,0,1
120,t60,n39,n61,0,1
121,t61,n44,n62,0,1
122,t61,n5,n62,0,1
123,t62,n5,n63,0,1
124,t62,n37,n63,0,1
125,t63,n24,n64,0,1
126,t63,n7,n64,0,1
127,t64,n2,n65,0,1
128,t64,n6,n65,0,1
129,t65,n3,n66,0,1
130,t65,n2,n66,0,1
131,t66,n7,n67,0,1
132,t66,n19,n67,0,1
133,t67,n43,n68,0,1
134,t67,n2,n68,0,1
135,t68,n6,n69,0,1
136,t68,n19,n69,0,1
137,t69,n0,n70,0,1
138,t69,n25,n70,0,1
139,t70,n14,n71,0,1
140,t70,n60,n71,0,1
141,t71,n14,n72,0,1
142,t71,n2,n72,0,1
143,t72,n5,n73,0,1
144,t72,n34,n73,0,1
145,t73,n46,n74,0,1
146,t73,n39,n74,0,1
147,t74,n26,n75,0,1
148,t74,n27,n75,0,1
149,t75,n19,n76,0,1
150,t75,n5,n76,0,1
151,t76,n14,n77,0,1
152,t76,n3,n77,0,1
153,t77,n15,n78,0,1
154,t77,n2,n78,0,1
155,t78,n19,n79,0,1
156,t78,n7,n79,0,1
157,t79,n6,n80,0,1
158,t79,n0,n80,0,1
159,t80,n49,n81,0,1
160,t80,n2,n81,0,1
161,t81,n5,n82,0,1
162,t81,n35,n82,0,1
163,t82,n26,n83,0,1
164,t82,n6,n83,0,1
165,t83,n2,n84,0,1
166,t83,n6,n84,0,1
167,t84,n22,n85,0,1
168,t84,n2,n85,0,1
169,t85,n54,n86,0,1
170,t85,n5,n86,0,1
171,t86,n73,n87,0,1
172,t86,n2,n87,0,1
173,t87,n36,n88,0,1
174,t87,n84,n88,0,1
175,t88,n64,n89,0,1
176,t88,n76,n89,0,1
177,t89,n71,n90,0,1
178,t89,n6,n90,0,1
179,t90,n63,n91,0,1
180,t90,n5,n91,0,1
181,t91,n38,n92,0,1
182,t91,n7,n92,0,1
183,t92,n12,n93,0,1
184,t92,n3,n93,0,1
185,t93,n91,n94,0,1
186,t93,n24,n94,0,1
187,t94,n2,n95,0,1
188,t94,n3,n95,0,1
189,t95,n48,n96,0,1
190,t95,n5,n96,0,1
191,t96,n3,n97,0,1
192,t96,n5,n97,0,1
193,t97,n5,n98,0,1
194,t97,n82,n98,0,1
195,t98,n2,n99,0,1
196,t98,n3,n99,0,1
197,t99,n69,n100,0,1
198,t99,n76,n100,0,1
199,t100,n14,n101,0,1
200,t100,n2,n101,0,1
201,t101,n3,n102,0,1
202,t101,n52,n102,0,1
203,t102,n91,n103,0,1
204,t102,n6,n103,0,1
205,t103,n77,n104,0,1
206,t103,n39,n104,0,1
207,t104,n69,n105,0,1
208,t104,n5,n105,0,1
209,t105,n63,n106,0,1
210,t105,n5,n106,0,1
211,t106,n7,n107,0,1
212,t106,n5,n107,0,1
213,t107,n2,n108,0,1
214,t107,n3,n108,0,1
215,t108,n25,n109,0,1
216,t108,n77,n109,0,1
217,t109,n0,n110,0,1
218,t109,n58,n110,0,1
219,t110,n27,n111,0,1
220,t110,n2,n111,0,1
221,t111,n15,n112,0,1
222,t111,n22,n112,0,1
223,t112,n25,n113,0,1
224,t112,n32,n113,0,1
225,t113,n6,n114,0,1
226,t113,n43,n114,0,1
227,t114,n64,n115,0,1
228,t114,n74,n115,0,1
229,t115,n93,n116,0,1
230,t115,n3,n116,0,1
231,t116,n7,n117,0,1
232,t116,n72,n117,0,1
233,t117,n2,n118,0,1
234,t117,n5,n118,0,1
235,t118,n33,n119,0,1
236,t118,n3,n119,0,1
237,t119,n35,n120,0,1
238,t119,n25,n120,0,1
239,t120,n5,n121,0,1
240,t120,n66,n121,0,1
241,t121,n116,n122,0,1
242,t121,n2,n122,0,1
243,t122,n85,n123,0,1
244,t122,n6,n123,0,1
245,t123,n24,n124,0,1
246,t123,n5,n124,0,1
247,t124,n85,n125,0,1
248,t124,n55,n125,0,1
249,t125,n21,n126,0,1
250,t125,n3,n126,0,1
251,t126,n2,n127,0,1
252,t126,n24,n127,0,1
253,t127,n6,n128,0,1
254,t127,n3,n128,0,1
255,t128,n68,n129,0,1
256,t128,n58,n129,0,1
257,t129,n98,n130,0,1
258,t129,n7,n130,0,1
259,t130,n51,n131,0,1
260,t130,n2,n131,0,1
261,t131,n101,n132,0,1
262,t131,n64,n132,0,1
263,t132,n19,n133,0,1
264,t132,n78,n133,0,1
265,t133,n5,n134,0,1
266,t133,n31,n134,0,1
267,t134,n6,n135,0,1
268,t134,n102,n135,0,1
269,t135,n5,n136,0,1
270,t135,n19,n136,0,1
271,t136,n3,n137,0,1
272,t136,n19,n137,0,1
273,t137,n2,n138,0,1
274,t137,n74,n138,0,1
275,t138,n133,n139,0,1
276,t138,n6,n139,0,1
277,t139,n93,n140,0,1
278,t139,n43,n140,0,1
279,t140,n3,n141,0,1
280,t140,n2,n141,0,1
281,t141,n95,n142,0,1
282,t141,n6,n142,0,1
283,t142,n5,n143,0,1
284,t142,n2,n143,0,1
285,t143,n87,n144,0,1
286,t143,n2,n144,0,1
287,t144,n71,n145,0,1
288,t144,n12,n145,0,1
289,t145,n7,n146,0,1
290,t145,n0,n146,0,1
291,t146,n80,n147,0,1
292,t146,n7,n147,0,1
293,t147,n2,n148,0,1
294,t147,n93,n148,0,1
295,t148,n3,n149,0,1
296,t148,n50,n149,0,1
297,t149,n96,n150,0,1
298,t149,n117,n150,0,1
299,t150,n6,n151,0,1
300,t150,n14,n151,0,1
301,t151,n56,n152,0,1
302,t151,n63,n152,0,1
303,t152,n5,n153,0,1
304,t152,n27,n153,0,1
305,t153,n56,n154,0,1
306,t153,n153,n154,0,1
307,t154,n27,n155,0,1
308,t154,n78,n155,0,1
309,t155,n13,n156,0,1
310,t155,n123,n156,0,1
311,t156,n14,n157,0,1
312,t156,n132,n157,0,1
313,t157,n2,n158,0,1
314,t157,n17,n158,0,1
315,t158,n44,n159,0,1
316,t158,n130,n159,0,1
317,t159,n6,n160,0,1
318,t159,n3,n160,0,1
319,t160,n2,n161,0,1
320,t160,n28,n161,0,1
321,t161,n5,n162,0,1
322,t161,n40,n162,0,1
323,t162,n6,n163,0,1
324,t162,n2,n163,0,1
325,t163,n103,n164,0,1
326,t163,n2,n164,0,1
327,t164,n53,n165,0,1
328,t164,n6,n165,0,1
329,t165,n133,n166,0,1
330,t165,n7,n166,0,1
331,t166,n7,n167,0,1
332,t166,n86,n167,0,1
333,t167,n154,n168,0,1
334,t167,n85,n168,0,1
335,t168,n2,n169,0,1
336,t168,n6,n169,0,1
337,t169,n3,n170,0,1
338,t169,n150,n170,0,1
339,t170,n166,n171,0,1
340,t170,n43,n171,0,1
341,t171,n63,n172,0,1
342,t171,n102,n172,0,1
343,t172,n98,n173,0,1
344,t172,n46,n173,0,1
345,t173,n36,n174,0,1
346,t173,n76,n174,0,1
347,t174,n3,n175,0,1
348,t174,n2,n175,0,1
349,t175,n97,n176,0,1
350,t175,n2,n176,0,1
351,t176,n53,n177,0,1
352,t176,n148,n177,0,1
353,t177,n69,n178,0,1
354,t177,n44,n178,0,1
355,t178,n3,n179,0,1
356,t178,n69,n179,0,1
357,t179,n3,n180,0,1
358,t179,n93,n180,0,1
359,t180,n100,n181,0,1
360,t180,n5,n181,0,1
361,t181,n3,n182,0,1
362,t181,n81,n182,0,1
363,t182,n85,n183,0,1
364,t182,n43,n183,0,1
365,t183,n84,n184,0,1
366,t183,n166,n184,0,1
367,t184,n5,n185,0,1
368,t184,n31,n185,0,1
369,t185,n2,n186,0,1
370,t185,n6,n186,0,1
371,t186,n3,n187,0,1
372,t186,n63,n187,0,1
373,t187,n123,n188,0,1
374,t187,n6,n188,0,1
375,t188,n5,n189,0,1
376,t188,n91,n189,0,1
377,t189,n3,n190,0,1
378,t189,n2,n190,0,1
379,t190,n22,n191,0,1
380,t190,n53,n191,0,1
381,t191,n132,n192,0,1
382,t191,n112,n192,0,1
383,t192,n21,n193,0,1
384,t192,n6,n193,0,1
385,t193,n69,n194,0,1
386,t193,n142,n194,0,1
387,t194,n63,n195,0,1
388,t194,n56,n195,0,1
389,t195,n2,n196,0,1
390,t195,n91,n196,0,1
391,t196,n39,n197,0,1
392,t196,n3,n197,0,1
393,t197,n19,n198,0,1
394,t197,n5,n198,0,1
395,t198,n171,n199,0,1
396,t198,n27,n199,0,1
397,t199,n3,n200,0,1
398,t199,n87,n200,0,1
399,t200,n5,n201,0,1
400,t200,n121,n201,0,1
401,t201,n156,n202,0,1
402,t201,n171,n202,0,1
403,t202,n9,n203,0,1
404,t202,n21,n203,0,1
405,t203,n189,n204,0,1
406,t203,n116,n204,0,1
407,t204,n135,n205,0,1
408,t204,n2,n205,0,1
409,t205,n51,n206,0,1
410,t205,n192,n206,0,1
411,t206,n54,n207,0,1
412,t206,n85,n207,0,1
413,t207,n6,n208,0,1
414,t207,n194,n208,0,1
415,t208,n6,n209,0,1
416,t208,n196,n209,0,1
417,t209,n2,n210,0,1
418,t209,n101,n210,0,1
419,t210,n12,n211,0,1
420,t210,n6,n211,0,1
421,t211,n3,n212,0,1
422,t211,n86,n212,0,1
423,t212,n6,n213,0,1
424,t212,n194,n213,0,1
425,t213,n25,n214,0,1
426,t213,n92,n214,0,1
427,t214,n7,n215,0,1
428,t214,n19,n215,0,1
429,t215,n44,n216,0,1
430,t215,n2,n216,0,1
431,t216,n200,n217,0,1
432,t216,n3,n217,0,1
433,t217,n108,n218,0,1
434,t217,n135,n218,0,1
435,t218,n203,n219,0,1
436,t218,n2,n219,0,1
437,t219,n71,n220,0,1
438,t219,n6,n220,0,1
439,t220,n6,n221,0,1
440,t220,n5,n221,0,1
441,t221,n2,n222,0,1
442,t221,n36,n222,0,1
443,t222,n6,n223,0,1
444,t222,n220,n223,0,1
445,t223,n19,n224,0,1
446,t223,n13,n224,0,1
447,t224,n98,n225,0,1
448,t224,n5,n225,0,1
449,t225,n5,n226,0,1
450,t225,n132,n226,0,1
451,t226,n74,n227,0,1
452,t226,n85,n227,0,1
453,t227,n5,n228,0,1
454,t227,n3,n228,0,1
455,t228,n130,n229,0,1
456,t228,n177,n229,0,1
457,t229,n43,n230,0,1
458,t229,n22,n230,0,1
459,t230,n86,n231,0,1
460,t230,n6,n231,0,1
461,t231,n3,n232,0,1
462,t231,n85,n232,0,1
463,t232,n46,n233,0,1
464,t232,n2,n233,0,1
465,t233,n21,n234,0,1
466,t233,n178,n234,0,1
467,t234,n33,n235,0,1
468,t234,n192,n235,0,1
469,t235,n137,n236,0,1
470,t235,n67,n236,0,1
471,t236,n216,n237,0,1
472,t236,n7,n237,0,1
473,t237,n235,n238,0,1
474,t237,n86,n238,0,1
475,t238,n191,n239,0,1
476,t238,n156,n239,0,1
477,t239,n5,n240,0,1
478,t239,n14,n240,0,1
479,t240,n213,n241,0,1
480,t240,n210,n241,0,1
481,t241,n133,n242,0,1
482,t241,n2,n242,0,1
483,t242,n3,n243,0,1
484,t242,n168,n243,0,1
485,t243,n104,n244,0,1
486,t243,n69,n244,0,1
487,t244,n19,n245,0,1
488,t244,n3,n245,0,1
489,t245,n167,n246,0,1
490,t245,n78,n246,0,1
491,t246,n213,n247,0,1
492,t246,n5,n247,0,1
493,t247,n49,n248,0,1
494,t247,n130,n248,0,1
495,t248,n232,n249,0,1
496,t248,n218,n249,0,1
497,t249,n6,n250,0,1
498,t249,n39,n250,0,1
499,t250,n3,n251,0,1
500,t250,n2,n251,0,1
501,t251,n2,n252,0,1
502,t251,n227,n252,0,1
503,t252,n95,n253,0,1
504,t252,n194,n253,0,1
505,t253,n234,n254,0,1
506,t253,n166,n254,0,1
507,t254,n6,n255,0,1
508,t254,n228,n255,0,1
509,t255,n190,n256,0,1
510,t255,n5,n256,0,1
511,t256,n123,n257,0,1
512,t256,n31,n257,0,1
513,t257,n74,n258,0,1
514,t257,n246,n258,0,1
515,t258,n64,n259,0,1
516,t258,n7,n259,0,1
517,t259,n19,n260,0,1
518,t259,n2,n260,0,1
519,t260,n128,n261,0,1
520,t260,n6,n261,0,1
521,t261,n2,n262,0,1
522,t261,n213,n262,0,1
523,t262,n5,n263,0,1
524,t262,n181,n263,0,1
525,t263,n72,n264,0,1
526,t263,n258,n264,0,1
527,t264,n148,n265,0,1
528,t264,n3,n265,0,1
529,t265,n171,n266,0,1
530,t265,n3,n266,0,1
531,t266,n6,n267,0,1
532,t266,n53,n267,0,1
533,t267,n3,n268,0,1
534,t267,n2,n268,0,1
535,t268,n3,n269,0,1
536,t268,n36,n269,0,1
537,t269,n2,n270,0,1
538,t269,n3,n270,0,1
539,t270,n2,n271,0,1
540,t270,n69,n271,0,1
541,t271,n86,n272,0,1
542,t271,n6,n272,0,1
543,t272,n73,n273,0,1
544,t272,n146,n273,0,1
545,t273,n123,n274,0,1
546,t273,n204,n274,0,1
547,t274,n36,n275,0,1
548,t274,n6,n275,0,1
549,t275,n5,n276,0,1
550,t275,n130,n276,0,1
551,t276,n33,n277,0,1
552,t276,n73,n277,0,1
553,t277,n5,n278,0,1
554,t277,n74,n278,0,1
555,t278,n76,n279,0,1
556,t278,n133,n279,0,1
557,t279,n76,n280,0,1
558,t279,n194,n280,0,1
559,t280,n36,n281,0,1
560,t280,n13,n281,0,1
561,t281,n14,n282,0,1
562,t281,n123,n282,0,1
563,t282,n6,n283,0,1
564,t282,n2,n283,0,1
565,t283,n255,n284,0,1
566,t283,n51,n284,0,1
567,t284,n133,n285,0,1
568,t284,n7,n285,0,1
569,t285,n2,n286,0,1
570,t285,n77,n286,0,1
571,t286,n246,n287,0,1
572,t286,n102,n287,0,1
573,t287,n33,n288,0,1
574,t287,n190,n288,0,1
575,t288,n216,n289,0,1
576,t288,n6,n289,0,1
577,t289,n177,n290,0,1
578,t289,n7,n290,0,1
579,t290,n3,n291,0,1
580,t290,n5,n291,0,1
581,t291,n2,n292,0,1
582,t291,n6,n292,0,1
583,t292,n74,n293,0,1
584,t292,n43,n293,0,1
585,t293,n71,n294,0,1
586,t293,n44,n294,0,1
587,t294,n6,n295,0,1
588,t294,n138,n295,0,1
589,t295,n5,n296,0,1
590,t295,n54,n296,0,1
591,t296,n39,n297,0,1
592,t296,n137,n297,0,1
593,t297,n197,n298,0,1
594,t297,n174,n298,0,1
595,t298,n5,n299,0,1
596,t298,n2,n299,0,1
597,t299,n7,n300,0,1
598,t299,n40,n300,0,1
599,t300,n86,n301,0,1
600,t300,n135,n301,0,1
601,t301,n77,n302,0,1
602,t301,n33,n302,0,1
603,t302,n166,n303,0,1
604,t302,n76,n303,0,1
605,t303,n39,n304,0,1
606,t303,n199,n304,0,1
607,t304,n2,n305,0,1
608,t304,n19,n305,0,1
609,t305,n55,n306,0,1
610,t305,n74,n306,0,1
611,t306,n2,n307,0,1
612,t306,n6,n307,0,1
613,t307,n39,n308,0,1
614,t307,n2,n308,0,1
615,t308,n2,n309,0,1
616,t308,n203,n309,0,1
617,t309,n258,n310,0,1
618,t309,n3,n310,0,1
619,t310,n7,n311,0,1
620,t310,n216,n311,0,1
621,t311,n6,n312,0,1
622,t311,n3,n312,0,1
623,t312,n5,n313,0,1
624,t312,n106,n313,0,1
625,t313,n189,n314,0,1
626,t313,n6,n314,0,1
627,t314,n237,n315,0,1
628,t314,n266,n315,0,1
629,t315,n6,n316,0,1
630,t315,n200,n316,0,1
631,t316,n91,n317,0,1
632,t316,n73,n317,0,1
633,t317,n2,n318,0,1
634,t317,n212,n318,0,1
635,t318,n6,n319,0,1
636,t318,n305,n319,0,1
637,t319,n138,n320,0,1
638,t319,n178,n320,0,1
639,t320,n6,n321,0,1
640,t320,n127,n321,0,1
641,t321,n2,n322,0,1
642,t321,n6,n322,0,1
643,t322,n285,n323,0,1
644,t322,n5,n323,0,1
645,t323,n182,n324,0,1
646,t323,n125,n324,0,1
647,t324,n6,n325,0,1
648,t324,n7,n325,0,1
649,t325,n87,n326,0,1
650,t325,n294,n326,0,1
651,t326,n5,n327,0,1
652,t326,n35,n327,0,1
653,t327,n2,n328,0,1
654,t327,n97,n328,0,1
655,t328,n2,n329,0,1
656,t328,n241,n329,0,1
657,t329,n80,n330,0,1
658,t329,n5,n330,0,1
659,t330,n7,n331,0,1
660,t330,n14,n331,0,1
661,t331,n14,n332,0,1
662,t331,n201,n332,0,1
663,t332,n332,n333,0,1
664,t332,n3,n333,0,1
665,t333,n4,n334,0,1
666,t333,n86,n334,0,1
667,t334,n39,n335,0,1
668,t334,n3,n335,0,1
669,t335,n2,n336,0,1
670,t335,n132,n336,0,1
671,t336,n192,n337,0,1
672,t336,n2,n337,0,1
673,t337,n6,n338,0,1
674,t337,n73,n338,0,1
675,t338,n3,n339,0,1
676,t338,n194,n339,0,1
677,t339,n39,n340,0,1
678,t339,n185,n340,0,1
679,t340,n150,n341,0,1
680,t340,n248,n341,0,1
681,t341,n254,n342,0,1
682,t341,n2,n342,0,1
683,t342,n63,n343,0,1
684,t342,n36,n343,0,1
685,t343,n241,n344,0,1
686,t343,n2,n344,0,1
687,t344,n2,n345,0,1
688,t344,n95,n345,0,1
689,t345,n19,n346,0,1
690,t345,n133,n346,0,1
691,t346,n113,n347,0,1
692,t346,n77,n347,0,1
693,t347,n33,n348,0,1
694,t347,n97,n348,0,1
695,t348,n2,n349,0,1
696,t348,n216,n349,0,1
697,t349,n74,n350,0,1
698,t349,n4,n350,0,1
699,t350,n27,n351,0,1
700,t350,n6,n351,0,1
701,t351,n80,n352,0,1
702,t351,n258,n352,0,1
703,t352,n123,n353,0,1
704,t352,n146,n353,0,1
705,t353,n71,n354,0,1
706,t353,n295,n354,0,1
707,t354,n325,n355,0,1
708,t354,n166,n355,0,1
709,t355,n5,n356,0,1
710,t355,n259,n356,0,1
711,t356,n43,n357,0,1
712,t356,n14,n357,0,1
713,t357,n35,n358,0,1
714,t357,n338,n358,0,1
715,t358,n163,n359,0,1
716,t358,n6,n359,0,1
717,t359,n321,n360,0,1
718,t359,n43,n360,0,1
719,t360,n306,n361,0,1
720,t360,n43,n361,0,1
721,t361,n5,n362,0,1
722,t361,n2,n362,0,1
723,t362,n102,n363,0,1
724,t362,n36,n363,0,1
725,t363,n268,n364,0,1
726,t363,n204,n364,0,1
727,t364,n5,n365,0,1
728,t364,n349,n365,0,1
729,t365,n318,n366,0,1
730,t365,n315,n366,0,1
731,t366,n199,n367,0,1
732,t366,n2,n367,0,1
733,t367,n24,n368,0,1
734,t367,n232,n368,0,1
735,t368,n97,n369,0,1
736,t368,n43,n369,0,1
737,t369,n60,n370,0,1
738,t369,n2,n370,0,1
739,t370,n5,n371,0,1
740,t370,n44,n371,0,1
741,t371,n174,n372,0,1
742,t371,n7,n372,0,1
743,t372,n3,n373,0,1
744,t372,n7,n373,0,1
745,t373,n36,n374,0,1
746,t373,n130,n374,0,1
747,t374,n194,n375,0,1
748,t374,n5,n375,0,1
749,t375,n294,n376,0,1
750,t375,n13,n376,0,1
751,t376,n14,n377,0,1
752,t376,n352,n377,0,1
753,t377,n358,n378,0,1
754,t377,n2,n378,0,1
755,t378,n36,n379,0,1
756,t378,n2,n379,0,1
757,t379,n2,n380,0,1
758,t379,n91,n380,0,1
759,t380,n172,n381,0,1
760,t380,n187,n381,0,1
761,t381,n125,n382,0,1
762,t381,n55,n382,0,1
763,t382,n15,n383,0,1
764,t382,n77,n383,0,1
765,t383,n19,n384,0,1
766,t383,n213,n384,0,1
767,t384,n137,n385,0,1
768,t384,n133,n385,0,1
769,t385,n73,n386,0,1
770,t385,n3,n386,0,1
771,t386,n2,n387,0,1
772,t386,n189,n387,0,1
773,t387,n3,n388,0,1
774,t387,n322,n388,0,1
775,t388,n3,n389,0,1
776,t388,n264,n389,0,1
777,t389,n352,n390,0,1
778,t389,n7,n390,0,1
779,t390,n216,n391,0,1
780,t390,n390,n391,0,1
781,t391,n231,n392,0,1
782,t391,n258,n392,0,1
783,t392,n2,n393,0,1
784,t392,n20,n393,0,1
785,t393,n69,n394,0,1
786,t393,n85,n394,0,1
787,t394,n2,n395,0,1
788,t394,n258,n395,0,1
789,t395,n313,n396,0,1
790,t395,n272,n396,0,1
791,t396,n6,n397,0,1
792,t396,n36,n397,0,1
793,t397,n7,n398,0,1
794,t397,n19,n398,0,1
795,t398,n27,n399,0,1
796,t398,n7,n399,0,1
797,t399,n7,n400,0,1
798,t399,n76,n400,0,1
799,t400,n2,n401,0,1
800,t400,n3,n401,0,1
801,t401,n2,n402,0,1
802,t401,n222,n402,0,1
803,t402,n2,n403,0,1
804,t402,n220,n403,0,1
805,t403,n178,n404,0,1
806,t403,n35,n404,0,1
807,t404,n5,n405,0,1
808,t404,n339,n405,0,1
809,t405,n238,n406,0,1
810,t405,n199,n406,0,1
811,t406,n133,n407,0,1
812,t406,n43,n407,0,1
813,t407,n133,n408,0,1
814,t407,n36,n408,0,1
815,t408,n7,n409,0,1
816,t408,n2,n409,0,1
817,t409,n395,n410,0,1
818,t409,n241,n410,0,1
819,t410,n163,n411,0,1
820,t410,n43,n411,0,1
821,t411,n5,n412,0,1
822,t411,n2,n412,0,1
823,t412,n72,n413,0,1
824,t412,n155,n413,0,1
825,t413,n7,n414,0,1
826,t413,n5,n414,0,1
827,t414,n6,n415,0,1
828,t414,n69,n415,0,1
829,t415,n19,n416,0,1
830,t415,n3,n416,0,1
831,t416,n98,n417,0,1
832,t416,n399,n417,0,1
833,t417,n39,n418,0,1
834,t417,n324,n418,0,1
835,t418,n272,n419,0,1
836,t418,n341,n419,0,1
837,t419,n36,n420,0,1
838,t419,n19,n420,0,1
839,t420,n417,n421,0,1
840,t420,n218,n421,0,1
841,t421,n298,n422,0,1
842,t421,n248,n422,0,1
843,t422,n14,n423,0,1
844,t422,n194,n423,0,1
845,t423,n97,n424,0,1
846,t423,n208,n424,0,1
847,t424,n216,n425,0,1
848,t424,n5,n425,0,1
849,t425,n272,n426,0,1
850,t425,n14,n426,0,1
851,t426,n329,n427,0,1
852,t426,n60,n427,0,1
853,t427,n24,n428,0,1
854,t427,n6,n428,0,1
855,t428,n0,n429,0,1
856,t428,n401,n429,0,1
857,t429,n80,n430,0,1
858,t429,n3,n430,0,1
859,t430,n146,n431,0,1
860,t430,n101,n431,0,1
861,t431,n209,n432,0,1
862,t431,n2,n432,0,1
863,t432,n13,n433,0,1
864,t432,n5,n433,0,1
865,t433,n5,n434,0,1
866,t433,n44,n434,0,1
867,t434,n315,n435,0,1
868,t434,n3,n435,0,1
869,t435,n24,n436,0,1
870,t435,n428,n436,0,1
871,t436,n422,n437,0,1
872,t436,n270,n437,0,1
873,t437,n16,n438,0,1
874,t437,n5,n438,0,1
875,t438,n199,n439,0,1
876,t438,n7,n439,0,1
877,t439,n50,n440,0,1
878,t439,n344,n440,0,1
879,t440,n3,n441,0,1
880,t440,n133,n441,0,1
881,t441,n86,n442,0,1
882,t441,n75,n442,0,1
883,t442,n168,n443,0,1
884,t442,n43,n443,0,1
885,t443,n27,n444,0,1
886,t443,n309,n444,0,1
887,t444,n64,n445,0,1
888,t444,n2,n445,0,1
889,t445,n24,n446,0,1
890,t445,n282,n446,0,1
891,t446,n353,n447,0,1
892,t446,n4,n447,0,1
893,t447,n4,n448,0,1
894,t447,n3,n448,0,1
895,t448,n3,n449,0,1
896,t448,n204,n449,0,1
897,t449,n264,n450,0,1
898,t449,n2,n450,0,1
899,t450,n7,n451,0,1
900,t450,n254,n451,0,1
901,t451,n93,n452,0,1
902,t451,n136,n452,0,1
903,t452,n28,n453,0,1
904,t452,n6,n453,0,1
905,t453,n86,n454,0,1
906,t453,n6,n454,0,1
907,t454,n97,n455,0,1
908,t454,n192,n455,0,1
909,t455,n358,n456,0,1
910,t455,n339,n456,0,1
911,t456,n3,n457,0,1
912,t456,n5,n457,0,1
913,t457,n203,n458,0,1
914,t457,n4,n458,0,1
915,t458,n72,n459,0,1
916,t458,n363,n459,0,1
917,t459,n3,n460,0,1
918,t459,n430,n460,0,1
919,t460,n20,n461,0,1
920,t460,n6,n461,0,1
921,t461,n193,n462,0,1
922,t461,n441,n462,0,1
923,t462,n168,n463,0,1
924,t462,n6,n463,0,1
925,t463,n322,n464,0,1
926,t463,n25,n464,0,1
927,t464,n19,n465,0,1
928,t464,n3,n465,0,1
929,t465,n2,n466,0,1
930,t465,n341,n466,0,1
931,t466,n5,n467,0,1
932,t466,n216,n467,0,1
933,t467,n144,n468,0,1
934,t467,n174,n468,0,1
935,t468,n2,n469,0,1
936,t468,n397,n469,0,1
937,t469,n2,n470,0,1
938,t469,n3,n470,0,1
939,t470,n51,n471,0,1
940,t470,n2,n471,0,1
941,t471,n222,n472,0,1
942,t471,n6,n472,0,1
943,t472,n74,n473,0,1
944,t472,n186,n473,0,1
945,t473,n210,n474,0,1
946,t473,n128,n474,0,1
947,t474,n361,n475,0,1
948,t474,n15,n475,0,1
949,t475,n2,n476,0,1
950,t475,n158,n476,0,1
951,t476,n2,n477,0,1
952,t476,n114,n477,0,1
953,t477,n2,n478,0,1
954,t477,n142,n478,0,1
955,t478,n85,n479,0,1
956,t478,n105,n479,0,1
957,t479,n3,n480,0,1
958,t479,n20,n480,0,1
959,t480,n442,n481,0,1
960,t480,n13,n481,0,1
961,t481,n161,n482,0,1
962,t481,n7,n482,0,1
963,t482,n259,n483,0,1
964,t482,n166,n483,0,1
965,t483,n6,n484,0,1
966,t483,n3,n484,0,1
967,t484,n246,n485,0,1
968,t484,n3,n485,0,1
969,t485,n51,n486,0,1
970,t485,n5,n486,0,1
971,t486,n199,n487,0,1
972,t486,n3,n487,0,1
973,t487,n347,n488,0,1
974,t487,n101,n488,0,1
975,t488,n234,n489,0,1
976,t488,n241,n489,0,1
977,t489,n300,n490,0,1
978,t489,n54,n490,0,1
979,t490,n241,n491,0,1
980,t490,n416,n491,0,1
981,t491,n69,n492,0,1
982,t491,n2,n492,0,1
983,t492,n2,n493,0,1
984,t492,n241,n493,0,1
985,t493,n2,n494,0,1
986,t493,n231,n494,0,1
987,t494,n2,n495,0,1
988,t494,n342,n495,0,1
989,t495,n2,n496,0,1
990,t495,n366,n496,0,1
991,t496,n46,n497,0,1
992,t496,n91,n497,0,1
993,t497,n189,n498,0,1
994,t497,n220,n498,0,1
995,t498,n13,n499,0,1
996,t498,n379,n499,0,1
997,t499,n2,n500,0,1
998,t499,n213,n500,0,1
999,t500,n3,n501,0,1
1000,t500,n96,n501,0,1
1001,t501,n216,n502,0,1
1002,t501,n213,n502,0,1
1003,t502,n14,n503,0,1
1004,t502,n74,n503,0,1
1005,t503,n216,n504,0,1
1006,t503,n180,n504,0,1
1007,t504,n2,n505,0,1
1008,t504,n248,n505,0,1
1009,t505,n341,n506,0,1
1010,t505,n2,n506,0,1
1011,t506,n125,n507,0,1
1012,t506,n3,n507,0,1
1013,t507,n241,n508,0,1
1014,t507,n3,n508,0,1
1015,t508,n85,n509,0,1
1016,t508,n6,n509,0,1
1017,t509,n2,n510,0,1
1018,t509,n20,n510,0,1
1019,t510,n51,n511,0,1
1020,t510,n64,n511,0,1
1021,t511,n308,n512,0,1
1022,t511,n14,n512,0,1
1023,t512,n102,n513,0,1
1024,t512,n6,n513,0,1
1025,t513,n86,n514,0,1
1026,t513,n118,n514,0,1
1027,t514,n201,n515,0,1
1028,t514,n19,n515,0,1
1029,t515,n2,n516,0,1
1030,t515,n297,n516,0,1
1031,t516,n491,n517,0,1
1032,t516,n5,n517,0,1
1033,t517,n341,n518,0,1
1034,t517,n76,n518,0,1
1035,t518,n365,n519,0,1
1036,t518,n389,n519,0,1
1037,t519,n67,n520,0,1
1038,t519,n91,n520,0,1
1039,t520,n143,n521,0,1
1040,t520,n84,n521,0,1
1041,t521,n349,n522,0,1
1042,t521,n294,n522,0,1
1043,t522,n329,n523,0,1
1044,t522,n281,n523,0,1
1045,t523,n386,n524,0,1
1046,t523,n216,n524,0,1
1047,t524,n502,n525,0,1
1048,t524,n17,n525,0,1
1049,t525,n478,n526,0,1
1050,t525,n24,n526,0,1
1051,t526,n461,n527,0,1
1052,t526,n2,n527,0,1
1053,t527,n3,n528,0,1
1054,t527,n22,n528,0,1
1055,t528,n324,n529,0,1
1056,t528,n6,n529,0,1
1057,t529,n166,n530,0,1
1058,t529,n73,n530,0,1
1059,t530,n25,n531,0,1
1060,t530,n85,n531,0,1
1061,t531,n39,n532,0,1
1062,t531,n46,n532,0,1
1063,t532,n63,n533,0,1
1064,t532,n183,n533,0,1
1065,t533,n2,n534,0,1
1066,t533,n6,n534,0,1
1067,t534,n428,n535,0,1
1068,t534,n7,n535,0,1
1069,t535,n267,n536,0,1
1070,t535,n3,n536,0,1
1071,t536,n219,n537,0,1
1072,t536,n2,n537,0,1
1073,t537,n93,n538,0,1
1074,t537,n76,n538,0,1
1075,t538,n37,n539,0,1
1076,t538,n19,n539,0,1
1077,t539,n78,n540,0,1
1078,t539,n129,n540,0,1
1079,t540,n3,n541,0,1
1080,t540,n2,n541,0,1
1081,t541,n6,n542,0,1
1082,t541,n3,n542,0,1
1083,t542,n133,n543,0,1
1084,t542,n416,n543,0,1
1085,t543,n199,n544,0,1
1086,t543,n14,n544,0,1
1087,t544,n7,n545,0,1
1088,t544,n8,n545,0,1
1089,t545,n44,n546,0,1
1090,t545,n345,n546,0,1
1091,t546,n229,n547,0,1
1092,t546,n136,n547,0,1
1093,t547,n33,n548,0,1
1094,t547,n2,n548,0,1
1095,t548,n113,n549,0,1
1096,t548,n315,n549,0,1
1097,t549,n31,n550,0,1
1098,t549,n2,n550,0,1
1099,t550,n43,n551,0,1
1100,t550,n172,n551,0,1
1101,t551,n347,n552,0,1
1102,t551,n270,n552,0,1
1103,t552,n19,n553,0,1
1104,t552,n73,n553,0,1
1105,t553,n19,n554,0,1
1106,t553,n341,n554,0,1
1107,t554,n133,n555,0,1
1108,t554,n220,n555,0,1
1109,t555,n3,n556,0,1
1110,t555,n286,n556,0,1
1111,t556,n459,n557,0,1
1112,t556,n485,n557,0,1
1113,t557,n27,n558,0,1
1114,t557,n464,n558,0,1
1115,t558,n341,n559,0,1
1116,t558,n7,n559,0,1
1117,t559,n2,n560,0,1
1118,t559,n125,n560,0,1
1119,t560,n64,n561,0,1
1120,t560,n60,n561,0,1
1121,t561,n2,n562,0,1
1122,t561,n15,n562,0,1
1123,t562,n2,n563,0,1
1124,t562,n6,n563,0,1
1125,t563,n258,n564,0,1
1126,t563,n2,n564,0,1
1127,t564,n164,n565,0,1
1128,t564,n2,n565,0,1
1129,t565,n358,n566,0,1
1130,t565,n25,n566,0,1
1131,t566,n272,n567,0,1
1132,t566,n51,n567,0,1
1133,t567,n464,n568,0,1
1134,t567,n36,n568,0,1
1135,t568,n54,n569,0,1
1136,t568,n19,n569,0,1
1137,t569,n197,n570,0,1
1138,t569,n2,n570,0,1
1139,t570,n413,n571,0,1
1140,t570,n277,n571,0,1
1141,t571,n177,n572,0,1
1142,t571,n63,n572,0,1
1143,t572,n6,n573,0,1
1144,t572,n2,n573,0,1
1145,t573,n107,n574,0,1
1146,t573,n286,n574,0,1
1147,t574,n125,n575,0,1
1148,t574,n5,n575,0,1
1149,t575,n270,n576,0,1
1150,t575,n50,n576,0,1
1151,t576,n6,n577,0,1
1152,t576,n541,n577,0,1
1153,t577,n389,n578,0,1
1154,t577,n494,n578,0,1
1155,t578,n227,n579,0,1
1156,t578,n377,n579,0,1
1157,t579,n216,n580,0,1
1158,t579,n5,n580,0,1
1159,t580,n6,n581,0,1
1160,t580,n557,n581,0,1
1161,t581,n121,n582,0,1
1162,t581,n172,n582,0,1
1163,t582,n190,n583,0,1
1164,t582,n216,n583,0,1
1165,t583,n51,n584,0,1
1166,t583,n71,n584,0,1
1167,t584,n27,n585,0,1
1168,t584,n3,n585,0,1
1169,t585,n366,n586,0,1
1170,t585,n72,n586,0,1
1171,t586,n2,n587,0,1
1172,t586,n193,n587,0,1
1173,t587,n7,n588,0,1
1174,t587,n327,n588,0,1
1175,t588,n133,n589,0,1
1176,t588,n6,n589,0,1
1177,t589,n135,n590,0,1
1178,t589,n413,n590,0,1
1179,t590,n394,n591,0,1
1180,t590,n27,n591,0,1
1181,t591,n3,n592,0,1
1182,t591,n329,n592,0,1
1183,t592,n3,n593,0,1
1184,t592,n329,n593,0,1
1185,t593,n33,n594,0,1
1186,t593,n192,n594,0,1
1187,t594,n256,n595,0,1
1188,t594,n6,n595,0,1
1189,t595,n583,n596,0,1
1190,t595,n272,n596,0,1
1191,t596,n475,n597,0,1
1192,t596,n50,n597,0,1
1193,t597,n2,n598,0,1
1194,t597,n595,n598,0,1
1195,t598,n561,n599,0,1
1196,t598,n102,n599,0,1
1197,t599,n571,n600,0,1
1198,t599,n4,n600,0,1
1199,t600,n6,n601,0,1
1200,t600,n424,n601,0,1
1201,t601,n14,n602,0,1
1202,t601,n60,n602,0,1
1203,t602,n64,n603,0,1
1204,t602,n209,n603,0,1
1205,t603,n3,n604,0,1
1206,t603,n236,n604,0,1
1207,t604,n85,n605,0,1
1208,t604,n5,n605,0,1
1209,t605,n6,n606,0,1
1210,t605,n479,n606,0,1
1211,t606,n363,n607,0,1
1212,t606,n15,n607,0,1
1213,t607,n64,n608,0,1
1214,t607,n467,n608,0,1
1215,t608,n3,n609,0,1
1216,t608,n0,n609,0,1
1217,t609,n199,n610,0,1
1218,t609,n2,n610,0,1
1219,t610,n458,n611,0,1
1220,t610,n3,n611,0,1
1221,t611,n87,n612,0,1
1222,t611,n256,n612,0,1
1223,t612,n499,n613,0,1
1224,t612,n521,n613,0,1
1225,t613,n54,n614,0,1
1226,t613,n86,n614,0,1
1227,t614,n603,n615,0,1
1228,t614,n602,n615,0,1
1229,t615,n63,n616,0,1
1230,t615,n2,n616,0,1
1231,t616,n91,n617,0,1
1232,t616,n532,n617,0,1
1233,t617,n7,n618,0,1
1234,t617,n99,n618,0,1
1235,t618,n158,n619,0,1
1236,t618,n60,n619,0,1
1237,t619,n150,n620,0,1
1238,t619,n130,n620,0,1
1239,t620,n6,n621,0,1
1240,t620,n605,n621,0,1
1241,t621,n7,n622,0,1
1242,t621,n270,n622,0,1
1243,t622,n96,n623,0,1
1244,t622,n469,n623,0,1
1245,t623,n216,n624,0,1
1246,t623,n2,n624,0,1
1247,t624,n36,n625,0,1
1248,t624,n3,n625,0,1
1249,t625,n6,n626,0,1
1250,t625,n199,n626,0,1
1251,t626,n392,n627,0,1
1252,t626,n516,n627,0,1
1253,t627,n5,n628,0,1
1254,t627,n2,n628,0,1
1255,t628,n74,n629,0,1
1256,t628,n6,n629,0,1
1257,t629,n341,n630,0,1
1258,t629,n19,n630,0,1
1259,t630,n2,n631,0,1
1260,t630,n405,n631,0,1
1261,t631,n115,n632,0,1
1262,t631,n3,n632,0,1
1263,t632,n218,n633,0,1
1264,t632,n87,n633,0,1
1265,t633,n622,n634,0,1
1266,t633,n521,n634,0,1
1267,t634,n515,n635,0,1
1268,t634,n3,n635,0,1
1269,t635,n171,n636,0,1
1270,t635,n33,n636,0,1
1271,t636,n73,n637,0,1
1272,t636,n6,n637,0,1
1273,t637,n73,n638,0,1
1274,t637,n410,n638,0,1
1275,t638,n216,n639,0,1
1276,t638,n43,n639,0,1
1277,t639,n73,n640,0,1
1278,t639,n401,n640,0,1
1279,t640,n6,n641,0,1
1280,t640,n39,n641,0,1
1281,t641,n14,n642,0,1
1282,t641,n389,n642,0,1
1283,t642,n2,n643,0,1
1284,t642,n402,n643,0,1
1285,t643,n617,n644,0,1
1286,t643,n234,n644,0,1
1287,t644,n446,n645,0,1
1288,t644,n14,n645,0,1
1289,t645,n427,n646,0,1
1290,t645,n54,n646,0,1
1291,t646,n151,n647,0,1
1292,t646,n3,n647,0,1
1293,t647,n22,n648,0,1
1294,t647,n15,n648,0,1
1295,t648,n97,n649,0,1
1296,t648,n369,n649,0,1
1297,t649,n7,n650,0,1
1298,t649,n338,n650,0,1
1299,t650,n97,n651,0,1
1300,t650,n2,n651,0,1
1301,t651,n6,n652,0,1
1302,t651,n5,n652,0,1
1303,t652,n85,n653,0,1
1304,t652,n204,n653,0,1
1305,t653,n7,n654,0,1
1306,t653,n19,n654,0,1
1307,t654,n24,n655,0,1
1308,t654,n443,n655,0,1
1309,t655,n102,n656,0,1
1310,t655,n36,n656,0,1
1311,t656,n6,n657,0,1
1312,t656,n2,n657,0,1
1313,t657,n6,n658,0,1
1314,t657,n43,n658,0,1
1315,t658,n85,n659,0,1
1316,t658,n7,n659,0,1
1317,t659,n294,n660,0,1
1318,t659,n2,n660,0,1
1319,t660,n187,n661,0,1
1320,t660,n192,n661,0,1
1321,t661,n6,n662,0,1
1322,t661,n5,n662,0,1
1323,t662,n439,n663,0,1
1324,t662,n516,n663,0,1
1325,t663,n381,n664,0,1
1326,t663,n6,n664,0,1
1327,t664,n606,n665,0,1
1328,t664,n81,n665,0,1
1329,t665,n207,n666,0,1
1330,t665,n483,n666,0,1
1331,t666,n33,n667,0,1
1332,t666,n583,n667,0,1
1333,t667,n167,n668,0,1
1334,t667,n6,n668,0,1
1335,t668,n3,n669,0,1
1336,t668,n17,n669,0,1
1337,t669,n235,n670,0,1
1338,t669,n367,n670,0,1
1339,t670,n405,n671,0,1
1340,t670,n7,n671,0,1
1341,t671,n644,n672,0,1
1342,t671,n6,n672,0,1
1343,t672,n192,n673,0,1
1344,t672,n4,n673,0,1
1345,t673,n46,n674,0,1
1346,t673,n479,n674,0,1
1347,t674,n96,n675,0,1
1348,t674,n394,n675,0,1
1349,t675,n250,n676,0,1
1350,t675,n2,n676,0,1
1351,t676,n3,n677,0,1
1352,t676,n385,n677,0,1
1353,t677,n6,n678,0,1
1354,t677,n282,n678,0,1
1355,t678,n74,n679,0,1
1356,t678,n318,n679,0,1
1357,t679,n548,n680,0,1
1358,t679,n338,n680,0,1
1359,t680,n256,n681,0,1
1360,t680,n617,n681,0,1
1361,t681,n2,n682,0,1
1362,t681,n33,n682,0,1
1363,t682,n641,n683,0,1
1364,t682,n313,n683,0,1
1365,t683,n5,n684,0,1
1366,t683,n33,n684,0,1
1367,t684,n135,n685,0,1
1368,t684,n646,n685,0,1
1369,t685,n164,n686,0,1
1370,t685,n604,n686,0,1
1371,t686,n437,n687,0,1
1372,t686,n298,n687,0,1
1373,t687,n204,n688,0,1
1374,t687,n543,n688,0,1
1375,t688,n85,n689,0,1
1376,t688,n219,n689,0,1
1377,t689,n2,n690,0,1
1378,t689,n440,n690,0,1
1379,t690,n6,n691,0,1
1380,t690,n685,n691,0,1
1381,t691,n5,n692,0,1
1382,t691,n390,n692,0,1
1383,t692,n3,n693,0,1
1384,t692,n69,n693,0,1
1385,t693,n14,n694,0,1
1386,t693,n56,n694,0,1
1387,t694,n272,n695,0,1
1388,t694,n64,n695,0,1
1389,t695,n657,n696,0,1
1390,t695,n5,n696,0,1
1391,t696,n696,n697,0,1
1392,t696,n200,n697,0,1
1393,t697,n693,n698,0,1
1394,t697,n422,n698,0,1
1395,t698,n51,n699,0,1
1396,t698,n2,n699,0,1
1397,t699,n270,n700,0,1
1398,t699,n7,n700,0,1
1399,t700,n222,n701,0,1
1400,t700,n687,n701,0,1
1401,t701,n7,n702,0,1
1402,t701,n12,n702,0,1
1403,t702,n270,n703,0,1
1404,t702,n46,n703,0,1
1405,t703,n324,n704,0,1
1406,t703,n605,n704,0,1
1407,t704,n3,n705,0,1
1408,t704,n417,n705,0,1
1409,t705,n7,n706,0,1
1410,t705,n330,n706,0,1
1411,t706,n7,n707,0,1
1412,t706,n12,n707,0,1
1413,t707,n24,n708,0,1
1414,t707,n7,n708,0,1
1415,t708,n5,n709,0,1
1416,t708,n218,n709,0,1
1417,t709,n290,n710,0,1
1418,t709,n85,n710,0,1
1419,t710,n7,n711,0,1
1420,t710,n60,n711,0,1
1421,t711,n437,n712,0,1
1422,t711,n686,n712,0,1
1423,t712,n34,n713,0,1
1424,t712,n3,n713,0,1
1425,t713,n4,n714,0,1
1426,t713,n25,n714,0,1
1427,t714,n25,n715,0,1
1428,t714,n133,n715,0,1
1429,t715,n232,n716,0,1
1430,t715,n476,n716,0,1
1431,t716,n547,n717,0,1
1432,t716,n568,n717,0,1
1433,t717,n270,n718,0,1
1434,t717,n13,n718,0,1
1435,t718,n77,n719,0,1
1436,t718,n711,n719,0,1
1437,t719,n27,n720,0,1
1438,t719,n220,n720,0,1
1439,t720,n150,n721,0,1
1440,t720,n65,n721,0,1
1441,t721,n676,n722,0,1
1442,t721,n604,n722,0,1
1443,t722,n25,n723,0,1
1444,t722,n73,n723,0,1
1445,t723,n24,n724,0,1
1446,t723,n5,n724,0,1
1447,t724,n72,n725,0,1
1448,t724,n85,n725,0,1
1449,t725,n133,n726,0,1
1450,t725,n2,n726,0,1
1451,t726,n85,n727,0,1
1452,t726,n19,n727,0,1
1453,t727,n241,n728,0,1
1454,t727,n287,n728,0,1
1455,t728,n192,n729,0,1
1456,t728,n583,n729,0,1
1457,t729,n209,n730,0,1
1458,t729,n341,n730,0,1
1459,t730,n139,n731,0,1
1460,t730,n264,n731,0,1
1461,t731,n352,n732,0,1
1462,t731,n458,n732,0,1
1463,t732,n6,n733,0,1
1464,t732,n99,n733,0,1
1465,t733,n708,n734,0,1
1466,t733,n556,n734,0,1
1467,t734,n516,n735,0,1
1468,t734,n491,n735,0,1
1469,t735,n611,n736,0,1
1470,t735,n2,n736,0,1
1471,t736,n74,n737,0,1
1472,t736,n2,n737,0,1
1473,t737,n4,n738,0,1
1474,t737,n402,n738,0,1
1475,t738,n6,n739,0,1
1476,t738,n178,n739,0,1
1477,t739,n6,n740,0,1
1478,t739,n258,n740,0,1
1479,t740,n5,n741,0,1
1480,t740,n2,n741,0,1
1481,t741,n165,n742,0,1
1482,t741,n63,n742,0,1
1483,t742,n27,n743,0,1
1484,t742,n2,n743,0,1
1485,t743,n43,n744,0,1
1486,t743,n108,n744,0,1
1487,t744,n308,n745,0,1
1488,t744,n24,n745,0,1
1489,t745,n623,n746,0,1
1490,t745,n5,n746,0,1
1491,t746,n394,n747,0,1
1492,t746,n73,n747,0,1
1493,t747,n341,n748,0,1
1494,t747,n19,n748,0,1
1495,t748,n543,n749,0,1
1496,t748,n87,n749,0,1
1497,t749,n308,n750,0,1
1498,t749,n209,n750,0,1
1499,t750,n43,n751,0,1
1500,t750,n604,n751,0,1
1501,t751,n209,n752,0,1
1502,t751,n352,n752,0,1
1503,t752,n177,n753,0,1
1504,t752,n700,n753,0,1
1505,t753,n24,n754,0,1
1506,t753,n6,n754,0,1
1507,t754,n291,n755,0,1
1508,t754,n601,n755,0,1
1509,t755,n227,n756,0,1
1510,t755,n63,n756,0,1
1511,t756,n2,n757,0,1
1512,t756,n235,n757,0,1
1513,t757,n2,n758,0,1
1514,t757,n490,n758,0,1
1515,t758,n588,n759,0,1
1516,t758,n5,n759,0,1
1517,t759,n633,n760,0,1
1518,t759,n485,n760,0,1
1519,t760,n422,n761,0,1
1520,t760,n15,n761,0,1
1521,t761,n241,n762,0,1
1522,t761,n164,n762,0,1
1523,t762,n121,n763,0,1
1524,t762,n43,n763,0,1
1525,t763,n22,n764,0,1
1526,t763,n5,n764,0,1
1527,t764,n302,n765,0,1
1528,t764,n3,n765,0,1
1529,t765,n689,n766,0,1
1530,t765,n31,n766,0,1
1531,t766,n34,n767,0,1
1532,t766,n231,n767,0,1
1533,t767,n22,n768,0,1
1534,t767,n7,n768,0,1
1535,t768,n2,n769,0,1
1536,t768,n270,n769,0,1
1537,t769,n56,n770,0,1
1538,t769,n327,n770,0,1
1539,t770,n60,n771,0,1
1540,t770,n97,n771,0,1
1541,t771,n134,n772,0,1
1542,t771,n135,n772,0,1
1543,t772,n19,n773,0,1
1544,t772,n6,n773,0,1
1545,t773,n3,n774,0,1
1546,t773,n130,n774,0,1
1547,t774,n461,n775,0,1
1548,t774,n130,n775,0,1
1549,t775,n5,n776,0,1
1550,t775,n133,n776,0,1
1551,t776,n44,n777,0,1
1552,t776,n403,n777,0,1
1553,t777,n605,n778,0,1
1554,t777,n192,n778,0,1
1555,t778,n417,n779,0,1
1556,t778,n272,n779,0,1
1557,t779,n53,n780,0,1
1558,t779,n378,n780,0,1
1559,t780,n56,n781,0,1
1560,t780,n6,n781,0,1
1561,t781,n33,n782,0,1
1562,t781,n258,n782,0,1
1563,t782,n341,n783,0,1
1564,t782,n502,n783,0,1
1565,t783,n74,n784,0,1
1566,t783,n2,n784,0,1
1567,t784,n241,n785,0,1
1568,t784,n5,n785,0,1
1569,t785,n2,n786,0,1
1570,t785,n91,n786,0,1
1571,t786,n597,n787,0,1
1572,t786,n742,n787,0,1
1573,t787,n2,n788,0,1
1574,t787,n192,n788,0,1
1575,t788,n19,n789,0,1
1576,t788,n272,n789,0,1
1577,t789,n60,n790,0,1
1578,t789,n56,n790,0,1
1579,t790,n229,n791,0,1
1580,t790,n144,n791,0,1
1581,t791,n204,n792,0,1
1582,t791,n562,n792,0,1
1583,t792,n7,n793,0,1
1584,t792,n6,n793,0,1
1585,t793,n50,n794,0,1
1586,t793,n232,n794,0,1
1587,t794,n24,n795,0,1
1588,t794,n36,n795,0,1
1589,t795,n2,n796,0,1
1590,t795,n700,n796,0,1
1591,t796,n6,n797,0,1
1592,t796,n64,n797,0,1
1593,t797,n417,n798,0,1
1594,t797,n150,n798,0,1
1595,t798,n636,n799,0,1
1596,t798,n99,n799,0,1
1597,t799,n476,n800,0,1
1598,t799,n787,n800,0,1
1599,t800,n6,n801,0,1
1600,t800,n378,n801,0,1
1601,t801,n36,n802,0,1
1602,t801,n313,n802,0,1
1603,t802,n3,n803,0,1
1604,t802,n206,n803,0,1
1605,t803,n63,n804,0,1
1606,t803,n39,n804,0,1
1607,t804,n213,n805,0,1
1608,t804,n74,n805,0,1
1609,t805,n645,n806,0,1
1610,t805,n345,n806,0,1
1611,t806,n64,n807,0,1
1612,t806,n36,n807,0,1
1613,t807,n150,n808,0,1
1614,t807,n24,n808,0,1
1615,t808,n645,n809,0,1
1616,t808,n759,n809,0,1
1617,t809,n282,n810,0,1
1618,t809,n7,n810,0,1
1619,t810,n756,n811,0,1
1620,t810,n36,n811,0,1
1621,t811,n43,n812,0,1
1622,t811,n662,n812,0,1
1623,t812,n2,n813,0,1
1624,t812,n174,n813,0,1
1625,t813,n446,n814,0,1
1626,t813,n203,n814,0,1
1627,t814,n184,n815,0,1
1628,t814,n7,n815,0,1
1629,t815,n3,n816,0,1
1630,t815,n518,n816,0,1
1631,t816,n402,n817,0,1
1632,t816,n19,n817,0,1
1633,t817,n133,n818,0,1
1634,t817,n797,n818,0,1
1635,t818,n456,n819,0,1
1636,t818,n604,n819,0,1
1637,t819,n2,n820,0,1
1638,t819,n43,n820,0,1
1639,t820,n14,n821,0,1
1640,t820,n86,n821,0,1
1641,t821,n702,n822,0,1
1642,t821,n3,n822,0,1
1643,t822,n469,n823,0,1
1644,t822,n27,n823,0,1
1645,t823,n352,n824,0,1
1646,t823,n464,n824,0,1
1647,t824,n95,n825,0,1
1648,t824,n411,n825,0,1
1649,t825,n36,n826,0,1
1650,t825,n604,n826,0,1
1651,t826,n153,n827,0,1
1652,t826,n3,n827,0,1
1653,t827,n220,n828,0,1
1654,t827,n6,n828,0,1
1655,t828,n369,n829,0,1
1656,t828,n199,n829,0,1
1657,t829,n85,n830,0,1
1658,t829,n142,n830,0,1
1659,t830,n172,n831,0,1
1660,t830,n263,n831,0,1
1661,t831,n170,n832,0,1
1662,t831,n192,n832,0,1
1663,t832,n200,n833,0,1
1664,t832,n6,n833,0,1
1665,t833,n5,n834,0,1
1666,t833,n66,n834,0,1
1667,t834,n235,n835,0,1
1668,t834,n2,n835,0,1
1669,t835,n737,n836,0,1
1670,t835,n170,n836,0,1
1671,t836,n12,n837,0,1
1672,t836,n63,n837,0,1
1673,t837,n194,n838,0,1
1674,t837,n696,n838,0,1
1675,t838,n5,n839,0,1
1676,t838,n764,n839,0,1
1677,t839,n693,n840,0,1
1678,t839,n298,n840,0,1
1679,t840,n210,n841,0,1
1680,t840,n7,n841,0,1
1681,t841,n576,n842,0,1
1682,t841,n2,n842,0,1
1683,t842,n2,n843,0,1
1684,t842,n446,n843,0,1
1685,t843,n832,n844,0,1
1686,t843,n2,n844,0,1
1687,t844,n81,n845,0,1
1688,t844,n757,n845,0,1
1689,t845,n216,n846,0,1
1690,t845,n123,n846,0,1
1691,t846,n455,n847,0,1
1692,t846,n153,n847,0,1
1693,t847,n212,n848,0,1
1694,t847,n3,n848,0,1
1695,t848,n104,n849,0,1
1696,t848,n5,n849,0,1
1697,t849,n161,n850,0,1
1698,t849,n12,n850,0,1
1699,t850,n6,n851,0,1
1700,t850,n2,n851,0,1
1701,t851,n22,n852,0,1
1702,t851,n493,n852,0,1
1703,t852,n808,n853,0,1
1704,t852,n63,n853,0,1
1705,t853,n6,n854,0,1
1706,t853,n24,n854,0,1
1707,t854,n646,n855,0,1
1708,t854,n7,n855,0,1
1709,t855,n7,n856,0,1
1710,t855,n64,n856,0,1
1711,t856,n77,n857,0,1
1712,t856,n653,n857,0,1
1713,t857,n753,n858,0,1
1714,t857,n19,n858,0,1
1715,t858,n258,n859,0,1
1716,t858,n54,n859,0,1
1717,t859,n738,n860,0,1
1718,t859,n506,n860,0,1
1719,t860,n204,n861,0,1
1720,t860,n361,n861,0,1
1721,t861,n5,n862,0,1
1722,t861,n411,n862,0,1
1723,t862,n2,n863,0,1
1724,t862,n516,n863,0,1
1725,t863,n363,n864,0,1
1726,t863,n701,n864,0,1
1727,t864,n465,n865,0,1
1728,t864,n187,n865,0,1
1729,t865,n130,n866,0,1
1730,t865,n648,n866,0,1
1731,t866,n2,n867,0,1
1732,t866,n91,n867,0,1
1733,t867,n7,n868,0,1
1734,t867,n6,n868,0,1
1735,t868,n6,n869,0,1
1736,t868,n81,n869,0,1
1737,t869,n751,n870,0,1
1738,t869,n583,n870,0,1
1739,t870,n349,n871,0,1
1740,t870,n36,n871,0,1
1741,t871,n6,n872,0,1
1742,t871,n442,n872,0,1
1743,t872,n133,n873,0,1
1744,t872,n178,n873,0,1
1745,t873,n6,n874,0,1
1746,t873,n85,n874,0,1
1747,t874,n483,n875,0,1
1748,t874,n7,n875,0,1
1749,t875,n204,n876,0,1
1750,t875,n442,n876,0,1
1751,t876,n12,n877,0,1
1752,t876,n567,n877,0,1
1753,t877,n164,n878,0,1
1754,t877,n440,n878,0,1
1755,t878,n446,n879,0,1
1756,t878,n492,n879,0,1
1757,t879,n241,n880,0,1
1758,t879,n521,n880,0,1
1759,t880,n668,n881,0,1
1760,t880,n36,n881,0,1
1761,t881,n183,n882,0,1
1762,t881,n585,n882,0,1
1763,t882,n3,n883,0,1
1764,t882,n24,n883,0,1
1765,t883,n583,n884,0,1
1766,t883,n617,n884,0,1
1767,t884,n2,n885,0,1
1768,t884,n5,n885,0,1
1769,t885,n861,n886,0,1
1770,t885,n816,n886,0,1
1771,t886,n14,n887,0,1
1772,t886,n224,n887,0,1
1773,t887,n3,n888,0,1
1774,t887,n670,n888,0,1
1775,t888,n741,n889,0,1
1776,t888,n2,n889,0,1
1777,t889,n166,n890,0,1
1778,t889,n3,n890,0,1
1779,t890,n889,n891,0,1
1780,t890,n775,n891,0,1
1781,t891,n679,n892,0,1
1782,t891,n69,n892,0,1
1783,t892,n270,n893,0,1
1784,t892,n168,n893,0,1
1785,t893,n289,n894,0,1
1786,t893,n166,n894,0,1
1787,t894,n39,n895,0,1
1788,t894,n770,n895,0,1
1789,t895,n85,n896,0,1
1790,t895,n249,n896,0,1
1791,t896,n54,n897,0,1
1792,t896,n543,n897,0,1
1793,t897,n851,n898,0,1
1794,t897,n33,n898,0,1
1795,t898,n135,n899,0,1
1796,t898,n85,n899,0,1
1797,t899,n187,n900,0,1
1798,t899,n6,n900,0,1
1799,t900,n573,n901,0,1
1800,t900,n7,n901,0,1
1801,t901,n137,n902,0,1
1802,t901,n44,n902,0,1
1803,t902,n46,n903,0,1
1804,t902,n6,n903,0,1
1805,t903,n308,n904,0,1
1806,t903,n889,n904,0,1
1807,t904,n86,n905,0,1
1808,t904,n249,n905,0,1
1809,t905,n121,n906,0,1
1810,t905,n5,n906,0,1
1811,t906,n6,n907,0,1
1812,t906,n163,n907,0,1
1813,t907,n13,n908,0,1
1814,t907,n367,n908,0,1
1815,t908,n25,n909,0,1
1816,t908,n137,n909,0,1
1817,t909,n36,n910,0,1
1818,t909,n3,n910,0,1
1819,t910,n3,n911,0,1
1820,t910,n670,n911,0,1
1821,t911,n216,n912,0,1
1822,t911,n6,n912,0,1
1823,t912,n135,n913,0,1
1824,t912,n74,n913,0,1
1825,t913,n403,n914,0,1
1826,t913,n479,n914,0,1
1827,t914,n177,n915,0,1
1828,t914,n5,n915,0,1
1829,t915,n2,n916,0,1
1830,t915,n268,n916,0,1
1831,t916,n5,n917,0,1
1832,t916,n35,n917,0,1
1833,t917,n208,n918,0,1
1834,t917,n801,n918,0,1
1835,t918,n64,n919,0,1
1836,t918,n130,n919,0,1
1837,t919,n115,n920,0,1
1838,t919,n7,n920,0,1
1839,t920,n46,n921,0,1
1840,t920,n85,n921,0,1
1841,t921,n36,n922,0,1
1842,t921,n133,n922,0,1
1843,t922,n3,n923,0,1
1844,t922,n270,n923,0,1
1845,t923,n73,n924,0,1
1846,t923,n350,n924,0,1
1847,t924,n39,n925,0,1
1848,t924,n0,n925,0,1
1849,t925,n24,n926,0,1
1850,t925,n64,n926,0,1
1851,t926,n2,n927,0,1
1852,t926,n834,n927,0,1
1853,t927,n5,n928,0,1
1854,t927,n394,n928,0,1
1855,t928,n5,n929,0,1
1856,t928,n74,n929,0,1
1857,t929,n857,n930,0,1
1858,t929,n7,n930,0,1
1859,t930,n576,n931,0,1
1860,t930,n264,n931,0,1
1861,t931,n435,n932,0,1
1862,t931,n272,n932,0,1
1863,t932,n85,n933,0,1
1864,t932,n928,n933,0,1
1865,t933,n6,n934,0,1
1866,t933,n2,n934,0,1
1867,t934,n576,n935,0,1
1868,t934,n339,n935,0,1
1869,t935,n24,n936,0,1
1870,t935,n2,n936,0,1
1871,t936,n6,n937,0,1
1872,t936,n434,n937,0,1
1873,t937,n478,n938,0,1
1874,t937,n2,n938,0,1
1875,t938,n514,n939,0,1
1876,t938,n74,n939,0,1
1877,t939,n3,n940,0,1
1878,t939,n460,n940,0,1
1879,t940,n64,n941,0,1
1880,t940,n200,n941,0,1
1881,t941,n6,n942,0,1
1882,t941,n211,n942,0,1
1883,t942,n6,n943,0,1
1884,t942,n135,n943,0,1
1885,t943,n2,n944,0,1
1886,t943,n778,n944,0,1
1887,t944,n51,n945,0,1
1888,t944,n605,n945,0,1
1889,t945,n150,n946,0,1
1890,t945,n2,n946,0,1
1891,t946,n5,n947,0,1
1892,t946,n3,n947,0,1
1893,t947,n55,n948,0,1
1894,t947,n163,n948,0,1
1895,t948,n859,n949,0,1
1896,t948,n870,n949,0,1
1897,t949,n36,n950,0,1
1898,t949,n5,n950,0,1
1899,t950,n3,n951,0,1
1900,t950,n229,n951,0,1
1901,t951,n318,n952,0,1
1902,t951,n64,n952,0,1
1903,t952,n72,n953,0,1
1904,t952,n483,n953,0,1
1905,t953,n616,n954,0,1
1906,t953,n3,n954,0,1
1907,t954,n4,n955,0,1
1908,t954,n486,n955,0,1
1909,t955,n86,n956,0,1
1910,t955,n598,n956,0,1
1911,t956,n35,n957,0,1
1912,t956,n870,n957,0,1
1913,t957,n108,n958,0,1
1914,t957,n796,n958,0,1
1915,t958,n19,n959,0,1
1916,t958,n5,n959,0,1
1917,t959,n24,n960,0,1
1918,t959,n518,n960,0,1
1919,t960,n3,n961,0,1
1920,t960,n448,n961,0,1
1921,t961,n521,n962,0,1
1922,t961,n6,n962,0,1
1923,t962,n147,n963,0,1
1924,t962,n3,n963,0,1
1925,t963,n24,n964,0,1
1926,t963,n5,n964,0,1
1927,t964,n435,n965,0,1
1928,t964,n3,n965,0,1
1929,t965,n417,n966,0,1
1930,t965,n394,n966,0,1
1931,t966,n5,n967,0,1
1932,t966,n51,n967,0,1
1933,t967,n449,n968,0,1
1934,t967,n311,n968,0,1
1935,t968,n5,n969,0,1
1936,t968,n24,n969,0,1
1937,t969,n892,n970,0,1
1938,t969,n43,n970,0,1
1939,t970,n270,n971,0,1
1940,t970,n216,n971,0,1
1941,t971,n696,n972,0,1
1942,t971,n622,n972,0,1
1943,t972,n6,n973,0,1
1944,t972,n475,n973,0,1
1945,t973,n5,n974,0,1
1946,t973,n209,n974,0,1
1947,t974,n19,n975,0,1
1948,t974,n6,n975,0,1
1949,t975,n739,n976,0,1
1950,t975,n77,n976,0,1
1951,t976,n64,n977,0,1
1952,t976,n81,n977,0,1
1953,t977,n36,n978,0,1
1954,t977,n957,n978,0,1
1955,t978,n965,n979,0,1
1956,t978,n204,n979,0,1
1957,t979,n76,n980,0,1
1958,t979,n46,n980,0,1
1959,t980,n702,n981,0,1
1960,t980,n6,n981,0,1
1961,t981,n892,n982,0,1
1962,t981,n14,n982,0,1
1963,t982,n340,n983,0,1
1964,t982,n422,n983,0,1
1965,t983,n749,n984,0,1
1966,t983,n86,n984,0,1
1967,t984,n889,n985,0,1
1968,t984,n17,n985,0,1
1969,t985,n604,n986,0,1
1970,t985,n601,n986,0,1
1971,t986,n5,n987,0,1
1972,t986,n2,n987,0,1
1973,t987,n91,n988,0,1
1974,t987,n734,n988,0,1
1975,t988,n229,n989,0,1
1976,t988,n394,n989,0,1
1977,t989,n7,n990,0,1
1978,t989,n955,n990,0,1
1979,t990,n2,n991,0,1
1980,t990,n5,n991,0,1
1981,t991,n163,n992,0,1
1982,t991,n204,n992,0,1
1983,t992,n2,n993,0,1
1984,t992,n46,n993,0,1
1985,t993,n7,n994,0,1
1986,t993,n6,n994,0,1
1987,t994,n327,n995,0,1
1988,t994,n441,n995,0,1
1989,t995,n565,n996,0,1
1990,t995,n636,n996,0,1
1991,t996,n588,n997,0,1
1992,t996,n43,n997,0,1
1993,t997,n133,n998,0,1
1994,t997,n5,n998,0,1
1995,t998,n967,n999,0,1
1996,t998,n609,n999,0,1
1997,t999,n24,n1000,0,1
1998,t999,n483,n1000,0,1
