repo_id,repo_id,repo_name,201901,201902,201903,201904,201905,201906,201907,201908,201909,201910,201911,201912,months_not_zero
100118847,100118847,Azure/azure-docs-json-samples,0,0,0,0,0,0,0,0,0,0,0,0,0.0
100314903,100314903,Azure/autorest.common,0,0,0,0,0,0,0,0,0,0,0,0,0.0
100315083,100315083,Azure/autorest.modeler,0,0,0,0,0,0,0,0,0,0,185,185,1.0
100315457,100315457,Azure/autorest.azureresourceschema,0,0,0,0,0,0,285851,285851,287096,287096,287096,288713,3.0
100315623,100315623,Azure/autorest.csharp,0,2050,2050,3232,3232,3232,3232,3232,3232,3232,3232,8797,3.0
100315670,100315670,Azure/autorest.go,0,0,0,0,0,0,0,0,308,308,308,2680,2.0
100315700,100315700,Azure/autorest.java,0,0,0,0,0,3670,7979,7979,8132,8132,8386,8386,4.0
100315853,100315853,Azure/autorest.nodejs,6810,6810,6810,6810,6810,6810,14816,14816,14816,14816,14816,14816,2.0
100315912,100315912,Azure/autorest.ruby,0,0,0,0,0,0,743,743,743,743,2392,2392,2.0
100315955,100315955,Azure/autorest.python,2047,20731,28617,35910,35910,50072,145859,145859,146320,146320,147077,148748,9.0
100316137,100316137,Azure/autorest.testserver,200232,200232,200232,202151,202151,202151,207609,207609,207609,207609,207609,210686,4.0
100378114,100378114,Azure/blockchain-supply-chain-solution,0,0,0,0,0,0,0,0,0,0,0,0,0.0
100736092,100736092,Azure/AzurePublicDataset,0,0,0,0,0,0,0,0,0,0,0,0,0.0
100755397,100755397,Azure/Azure-AppServices-Diagnostics-Portal,0,0,0,0,0,0,0,0,0,151,151,775,2.0
101110781,101110781,Azure/kubernetes,0,0,0,0,0,0,0,0,0,0,0,0,0.0
101225211,101225211,Azure/terraform-azurerm-compute,70,70,198,198,2042,2354,2354,7255,7255,8450,8450,8671,7.0
101225675,101225675,Azure/terraform-azurerm-database,0,0,0,0,0,0,0,0,0,0,0,0,0.0
101261687,101261687,Azure/autorest.typescript,25352,25352,25352,25352,25914,25914,42487,42487,42487,42487,42569,42796,5.0
101331922,101331922,Azure/LearnAnalytics-LearningPath-AI,0,0,0,0,0,0,0,0,0,0,0,0,0.0
101519762,101519762,Azure/reverse-proxy-dotnet,0,0,0,0,0,0,0,0,0,0,0,0,0.0
101935764,101935764,Azure/ms-rest-js,34653,34653,34653,34653,36948,36948,50423,50423,50423,52208,52208,52208,4.0
101935847,101935847,Azure/ms-rest-azure-js,12119,12119,12119,12119,12437,12437,16571,16571,16571,16571,16571,16571,3.0
102241260,102241260,Azure/azure-iot-pcs-tools,0,0,0,0,0,0,0,0,0,0,0,0,0.0
102543665,102543665,Azure/azure-data-lake-store-net,0,0,0,0,0,0,1395,1395,1395,1395,1395,1395,1.0
102634335,102634335,Azure/ms-rest-azure-env,300,300,300,300,300,300,2746,2746,2746,2746,2746,2746,2.0
102667875,102667875,Azure/ms-rest-nodeauth,2081,2081,2081,2081,6633,6633,12655,12739,12739,12739,12739,12739,4.0
102729867,102729867,Azure/fta-internalbusinessapps,0,0,0,0,0,0,0,0,0,0,82,114,2.0
103188854,103188854,Azure/azure-functions-microsoftgraph-extension,0,0,0,0,0,0,0,0,0,0,0,0,0.0
103307180,103307180,Azure/azure-storage-fuse,0,0,37,37,37,37,37,37,37,37,2226,3344,3.0
103450420,103450420,Azure/azure-iot-pal-arduino,0,0,0,1254,1254,1254,1254,1254,1254,1254,1254,1254,1.0
103451311,103451311,Azure/azure-uhttp-c,0,153,153,153,1496,1496,1496,1496,7114,11836,71997,71997,5.0
103456200,103456200,Azure/azure-libraries-for-net,0,0,7920,10517,11001,11001,11805,11889,16015,81369,86118,86577,9.0
103456760,103456760,Azure/azure-iot-cli-extension,0,0,0,0,0,0,0,0,0,168201,168201,168201,1.0
103466382,103466382,Azure/BatchAI,0,0,0,0,0,0,0,0,0,0,82,82,1.0
105314178,105314178,Azure/azure-libraries-for-java,0,0,3190,7695,7695,7695,15889,18037,24091,26999,29377,38004,8.0
105323559,105323559,Azure/azure-cosmos-table-python,0,0,0,0,0,0,0,0,0,0,0,0,0.0
105329206,105329206,Azure/iot-central-firmware,0,0,0,0,0,0,0,0,0,0,85,85,1.0
10536725,10536725,Azure/azure-notificationhubs,0,0,0,0,0,0,0,0,0,0,0,0,0.0
106316783,106316783,Azure/autorest-clientruntime-for-swift,0,0,0,0,0,89,89,89,89,89,89,89,1.0
106317281,106317281,Azure/autorest.swift,0,0,0,0,0,0,0,0,0,0,82,82,1.0
106580024,106580024,Azure/azure-cli-extensions,5,5,42,42,42,249,171531,171681,173981,174896,176065,177416,9.0
106712270,106712270,Azure/CloudIoTHack,0,0,0,0,144,144,144,144,144,144,144,144,1.0
106715234,106715234,Azure/fta-architecturalreview,0,0,0,0,0,0,0,0,0,0,0,0,0.0
107195510,107195510,Azure/open-service-broker-azure,5,5,5,5,3815,3815,3915,3915,3915,3915,3915,3915,3.0
107492226,107492226,Azure/dotnet-template-azure-iot-edge-function,0,0,0,0,0,0,0,0,0,0,0,0,0.0
107708057,107708057,Azure/azure-devops-cli-extension,0,0,0,0,98,98,98,182,182,192,192,192,3.0
107876552,107876552,Azure/fluent-plugin-azuremonitormetrics,0,0,0,0,0,0,0,84,84,84,84,84,1.0
108049853,108049853,Azure/brigade,0,98,98,98,98,98,98,98,98,98,98,98,1.0
108257720,108257720,Azure/azure-kusto-python,5,5,42,42,42,42,42,42,720,720,720,720,3.0
108296269,108296269,Azure/AKS,0,0,0,0,0,0,0,582,582,592,592,592,2.0
108311273,108311273,Azure/azure-sdk-for-js,85100,85196,85302,86643,93988,105614,191619,198460,237596,330516,382652,432622,12.0
108883966,108883966,Azure/azure-storage-blob-go,0,0,0,54,54,54,54,54,54,54,54,54,1.0
108885256,108885256,Azure/azure-storage-queue-go,0,0,0,0,0,0,0,0,0,0,0,0,0.0
108885434,108885434,Azure/azure-storage-file-go,0,0,0,0,0,0,0,0,0,0,0,0,0.0
108891420,108891420,Azure/uk-official-three-tier-webapp,0,0,0,0,0,0,0,0,0,0,0,0,0.0
109331905,109331905,Azure/azure-iot-pcs-device-simulation,0,0,0,0,0,0,0,0,0,0,0,0,0.0
109333724,109333724,Azure/pcs-simulation-webui,0,0,0,0,0,0,0,0,0,0,0,2,1.0
110286502,110286502,Azure/perks.extension,0,0,0,0,0,0,0,0,232,232,232,234,2.0
110286571,110286571,Azure/autorest.modelerfour,0,0,0,0,0,0,0,0,2334,2334,2791,12418,3.0
110286680,110286680,Azure/autorest.megarepo,0,0,0,0,0,0,0,0,936,936,936,1246,2.0
110286822,110286822,Azure/autorest.remodeler,0,0,0,0,0,0,0,0,1715,1715,1715,2507,2.0
110287006,110287006,Azure/perks,0,0,0,0,0,0,0,0,1458,1458,1458,4276,2.0
110296682,110296682,Azure/ai-toolkit-iot-edge,0,0,0,0,0,0,0,0,0,0,0,0,0.0
110830177,110830177,Azure/SmartDetectorsMonitoringAppliance,0,0,0,0,0,0,0,0,0,0,0,0,0.0
111023947,111023947,Azure/azure-iot-pcs-remote-monitoring-dotnet-tests,0,0,0,0,0,0,0,0,0,0,0,0,0.0
111465449,111465449,Azure/batch-insights,0,0,0,0,0,0,0,0,0,0,0,0,0.0
111526016,111526016,Azure/hpcpack-template-2012r2,0,0,0,0,0,0,0,0,0,0,0,0,0.0
111577794,111577794,Azure/azure-documentdb-changefeedprocessor-dotnet,0,0,0,0,0,0,100,100,100,100,100,100,1.0
111590983,111590983,Azure/LearnAI-Bootcamp,0,0,0,0,0,0,0,0,0,0,0,0,0.0
113162398,113162398,Azure/jenkins,0,0,0,0,0,0,0,0,0,0,0,0,0.0
113235982,113235982,Azure/autorest-extension-base,0,0,0,0,0,0,0,0,0,0,0,0,0.0
113236048,113236048,Azure/autorest-extension-helloworld,0,0,0,0,0,0,0,0,0,0,0,0,0.0
113502914,113502914,Azure/vscode-azureterraform,0,0,0,0,0,0,0,0,0,0,0,0,0.0
113817619,113817619,Azure/azure_modules,0,0,0,0,0,0,200,202,202,202,202,202,2.0
113817885,113817885,Azure/azure_preview_modules,0,0,0,0,0,1214,4787,4873,4952,4952,4952,4952,4.0
114025506,114025506,Azure/blackbelt-aks-hackfest,5,201,238,348,446,446,446,446,683,941,1023,1023,8.0
114798676,114798676,Azure/azure-storage-azcopy,0,0,0,109,109,109,209,209,288,1641,1726,1763,6.0
114865107,114865107,Azure/azure-storage-blob-php,0,0,0,132,132,132,132,132,132,132,132,132,1.0
114884556,114884556,Azure/azure-storage-table-php,0,0,0,132,132,132,132,132,132,132,132,132,1.0
114885185,114885185,Azure/azure-storage-queue-php,0,0,0,132,132,132,132,132,132,132,132,132,1.0
114885580,114885580,Azure/azure-storage-file-php,0,0,0,132,132,132,132,132,132,132,132,132,1.0
114886302,114886302,Azure/azure-storage-common-php,0,0,0,132,132,132,132,132,132,132,132,132,1.0
115764143,115764143,Azure/iotedgedev,0,0,0,0,0,0,0,0,0,0,0,0,0.0
116878164,116878164,Azure/Health-Data-and-AI-Blueprint,0,0,0,0,0,0,0,0,0,0,82,82,1.0
116994716,116994716,Azure/azure-service-bus-go,0,98,98,153,153,153,153,153,153,153,153,153,2.0
117000166,117000166,Azure/azure-functions-language-worker-protobuf,2865,8656,10696,10696,10696,11925,17175,76997,81374,81374,81374,81374,7.0
117167227,117167227,Azure/AI-PredictiveMaintenance,0,0,0,0,0,0,0,0,0,13,13,13,1.0
117169328,117169328,Azure/terraform,0,0,0,0,0,0,0,0,0,0,170,170,1.0
117423019,117423019,Azure/azure-iiot-opc-ua,0,0,0,0,0,0,0,0,0,0,0,0,0.0
117730503,117730503,Azure/azure-functions-python-worker,3421,9944,15591,15630,15630,19173,24744,24765,27286,30685,30930,31209,11.0
118055851,118055851,Azure/iot,0,0,0,0,0,0,0,0,0,0,0,0,0.0
118189945,118189945,Azure/service-fabric-mesh-preview,0,0,0,0,0,0,0,0,0,10,10,10,1.0
118512901,118512901,Azure/iot-ux-fluent-controls,0,0,0,0,0,0,0,0,0,63,63,83,2.0
118836505,118836505,Azure/ACE_Azure_ML,0,0,0,0,0,0,0,0,0,0,0,0,0.0
119449625,119449625,Azure/azure-iot-c-analysis,0,0,0,0,787,787,787,787,787,787,787,787,1.0
119873047,119873047,Azure/autorest.incubator,0,0,0,0,97,97,2089,2605,2867,6620,7991,9012,7.0
119913038,119913038,Azure/azure-functions-docker,226,2671,3341,3341,4294,4294,6076,6076,6713,8742,8742,8742,7.0
119972805,119972805,Azure/azure-iiot-opc-twin-module,0,0,0,0,0,0,0,0,0,0,0,0,0.0
119973195,119973195,Azure/azure-iiot-common,0,0,0,0,0,0,0,0,0,0,0,0,0.0
120027156,120027156,Azure/app-service-quickstart-docker-images,0,98,98,152,152,152,152,152,152,152,152,152,2.0
120350978,120350978,Azure/get-proxy-settings,0,0,0,0,0,0,0,0,0,0,82,90,2.0
120373298,120373298,Azure/terraform-azurerm-network-security-group,0,0,0,0,0,0,0,0,0,0,84,84,1.0
120512510,120512510,Azure/azure-event-hubs-go,0,0,0,55,55,55,155,239,239,239,239,277,4.0
120801478,120801478,Azure/data-ai-iot,0,0,0,0,0,0,0,0,0,0,0,0,0.0
120821243,120821243,Azure/pcs-diagnostics-dotnet,0,0,0,0,0,0,0,0,0,0,0,0,0.0
122269892,122269892,Azure/Azurite,10,10,10,64,162,162,262,262,262,35659,36201,36662,7.0
122361706,122361706,Azure/azure-relay-bridge,0,0,0,0,0,0,0,0,0,0,0,0,0.0
122587404,122587404,Azure/adx-automation-client,0,0,0,0,0,0,0,0,0,13,13,13,1.0
122718747,122718747,Azure/hpcpack-acm,0,0,0,32,32,32,32,32,32,32,114,114,2.0
123007480,123007480,Azure/azure-uamqp-python,0,0,0,0,0,0,0,0,0,0,457,457,1.0
123069751,123069751,Azure/azure-signalr,0,98,135,135,233,233,233,233,312,312,312,312,4.0
123208409,123208409,Azure/homebrew-functions,442,920,920,1192,2346,2346,2568,2582,4196,4990,4990,7584,9.0
123228625,123228625,Azure/Azure.iOS,0,0,0,0,0,0,0,0,0,0,0,37,1.0
123228861,123228861,Azure/Azure.Android,5,5,42,42,42,42,42,42,42,42,42,42,2.0
123229300,123229300,Azure/Azure.Mobile,0,98,98,98,98,98,98,98,98,98,98,98,1.0
123493343,123493343,Azure/kubernetes-kms,0,0,0,0,0,0,0,0,0,0,0,0,0.0
124145651,124145651,Azure/platform-chaos,0,0,0,0,0,0,0,0,0,0,0,0,0.0
124145809,124145809,Azure/platform-chaos-api,0,0,0,0,0,0,0,0,0,0,0,0,0.0
124717436,124717436,Azure/Azure-AppServices-Diagnostics,0,0,0,0,0,0,0,0,0,0,515,515,1.0
125316983,125316983,Azure/hpcpack-mesos,0,0,0,0,0,0,0,0,0,0,0,0,0.0
125362842,125362842,Azure/helm-elasticstack,0,0,0,0,97,97,97,97,97,97,97,97,1.0
126221465,126221465,Azure/azure-functions-durable-js,0,0,37,37,135,135,2223,2223,2223,2364,2609,2609,5.0
128272173,128272173,Azure/autorest.interactive,0,0,0,0,0,0,0,0,0,0,0,0,0.0
128431578,128431578,Azure/aad-pod-identity,5,391,428,1577,1867,3063,6051,6651,9197,12991,15912,19720,12.0
129139134,129139134,Azure/azure-cosmos-js,0,0,0,0,16,16,16,16,16,16,16,18,2.0
129301542,129301542,Azure/LearnAI-DesigningandArchitectingIntelligentAgents,0,0,0,0,0,0,0,0,0,0,0,0,0.0
130768973,130768973,Azure/iot-edge-virtual-kubelet-provider,0,0,0,55,55,55,55,55,55,55,55,55,1.0
131327880,131327880,Azure/kubeflow-labs,0,0,0,54,152,152,152,152,152,152,234,236,4.0
131345035,131345035,Azure/CosmosDB-GBB-Hackathon,0,0,0,0,0,0,0,0,0,0,0,0,0.0
131594689,131594689,Azure/azure-relay-aspnetserver,0,0,0,0,0,0,0,0,0,0,0,0,0.0
131842865,131842865,Azure/Azure-Data-Service-Notebook,0,0,0,0,0,0,0,0,0,0,0,0,0.0
131905695,131905695,Azure/TypeEdge,0,0,0,0,0,0,0,0,0,0,0,0,0.0
132428064,132428064,Azure/iot-edge-testing-utility,0,0,0,0,0,0,0,0,0,0,82,82,1.0
132528088,132528088,Azure/dev-spaces,0,0,37,91,91,181,181,181,181,181,906,906,4.0
133072158,133072158,Azure/azure-functions-datalake-extension,0,0,0,0,0,0,0,0,0,0,0,0,0.0
133094139,133094139,Azure/brigade-github-app,0,98,98,98,98,98,98,98,98,98,98,98,1.0
133424582,133424582,Azure/azure-functions-java-library,4826,13921,13921,13921,13985,14138,14138,14251,19471,19471,19471,19471,6.0
133632779,133632779,Azure/S3ToAdl,0,0,0,0,0,0,0,0,0,0,0,0,0.0
134756928,134756928,Azure/azure-api-management-devops-resource-kit,0,0,0,0,0,45,345,670,907,907,991,1029,6.0
135506555,135506555,Azure/Batch,0,0,0,0,0,0,261,261,261,261,261,261,1.0
136075760,136075760,Azure/kubernetes-keyvault-flexvol,0,294,294,294,294,294,294,294,294,294,378,378,2.0
136426082,136426082,Azure/azure-functions-python-library,0,245,245,245,245,995,995,995,995,1213,1213,1213,3.0
137133440,137133440,Azure/azure-functions-tooling-feed,1916,5747,5747,7922,9130,9586,15869,15886,21784,23360,23360,23398,10.0
137798642,137798642,Azure/uk-official-paas-webapp,0,0,0,0,0,0,0,0,0,0,0,0,0.0
13808889,13808889,Azure/azure-storage-net,0,0,0,0,0,0,1000,1000,1000,1000,1000,1000,1.0
13808985,13808985,Azure/azure-storage-cpp,0,0,0,259,259,259,259,259,2487,3729,6034,8572,5.0
13809004,13809004,Azure/azure-storage-java,0,0,0,0,0,0,0,0,0,132,132,132,1.0
138271594,138271594,Azure/azure-iiot-services,0,0,0,0,0,0,0,0,0,0,0,0,0.0
138646782,138646782,Azure/iotedge,0,0,0,58889,58925,59659,59659,59659,59738,62848,62988,62988,6.0
138647078,138647078,Azure/azure-iotedge,0,0,0,0,0,0,0,0,0,0,0,0,0.0
138772059,138772059,Azure/Service-Fabric-Troubleshooting-Guides,0,0,0,0,0,0,0,0,0,0,0,0,0.0
138953337,138953337,Azure/iot-ux-baseline,0,0,0,0,0,0,0,0,0,0,0,0,0.0
138967965,138967965,Azure/iotedgehubdev,0,0,0,0,0,0,0,0,0,0,0,0,0.0
139447272,139447272,Azure/azure-iiot-opc-twin-webui,0,0,0,0,0,0,0,0,0,0,82,82,1.0
139447579,139447579,Azure/azure-iiot-opc-vault-service,0,0,0,0,0,0,0,0,0,0,0,0,0.0
139601984,139601984,Azure/sap-hana,5,5,5,5,5,50,100,100,100,123,123,123,4.0
139947067,139947067,Azure/hpcpack-acm-api-python,0,0,0,0,0,0,0,0,0,0,0,0,0.0
140023592,140023592,Azure/azure-powershell-common,0,0,0,0,0,0,0,0,0,1244,1244,1652,2.0
140454351,140454351,Azure/kubernetes-hackfest,5,103,103,158,158,158,158,158,158,171,326,328,6.0
140754270,140754270,Azure/azure-iot-device-simulation-dotnet-tests,0,0,0,0,0,0,0,0,0,0,0,0,0.0
140761899,140761899,Azure/phippyandfriends,0,0,0,0,0,0,0,0,0,23,23,23,1.0
141528661,141528661,Azure/Machine-Learning-Containers,0,0,0,0,0,0,0,0,0,0,0,0,0.0
141642605,141642605,Azure/remote-monitoring-services-dotnet,5,5,5,5,5,5,5,5,5,28,28,28,2.0
141646262,141646262,Azure/remote-monitoring-services-java,0,0,0,0,0,0,0,0,0,0,0,0,0.0
141919956,141919956,Azure/azure-sphere-samples,0,0,0,0,0,44,44,44,44,44,44,44,1.0
142035809,142035809,Azure/azure-k8s-metrics-adapter,0,0,0,0,0,276,774,774,774,2389,3709,3709,4.0
142062461,142062461,Azure/azure-functions-signalrservice-extension,0,2869,2869,2869,2869,2869,2869,2869,2869,2869,2869,2869,1.0
142067616,142067616,Azure/cyclecloud-vFXT,0,0,0,0,0,0,0,0,0,0,0,0,0.0
142585431,142585431,Azure/azure-signalr-bench,0,0,0,0,0,0,0,0,0,0,0,0,0.0
142599157,142599157,Azure/azure-functions-powershell-worker,973,973,4321,4321,4792,4944,10194,10194,10502,17249,17249,17249,7.0
143449454,143449454,Azure/Avere,0,0,0,0,0,0,0,0,0,0,0,0,0.0
143523804,143523804,Azure/azure-storage-js,0,0,0,103,103,103,103,103,103,103,103,103,1.0
143934578,143934578,Azure/azure-event-hubs-for-kafka,0,0,0,54,54,54,54,54,54,54,54,54,1.0
143937114,143937114,Azure/k8s-best-practices,0,0,0,0,0,0,0,0,0,0,0,0,0.0
144020195,144020195,Azure/azure-kusto-java,0,0,0,0,0,0,0,0,79,79,79,79,1.0
144534720,144534720,Azure/ccme,0,0,0,0,0,0,0,0,0,0,82,82,1.0
144952955,144952955,Azure/azure-storage-cpplite,0,0,37,91,91,91,91,175,175,241,3131,6002,6.0
145098743,145098743,Azure/iotedge-lorawan-starterkit,0,98,135,135,135,135,185,185,185,185,185,185,3.0
145148726,145148726,Azure/MachineLearningNotebooks,0,0,0,0,0,0,150,402,402,491,561,561,4.0
145167931,145167931,Azure/golua,0,0,0,0,0,0,0,0,0,0,0,0,0.0
145183271,145183271,Azure/Azure-Sentinel,0,392,392,501,794,882,882,966,966,1055,1055,1093,7.0
145906027,145906027,Azure/LearnAI-Airlift,0,0,0,0,0,0,0,0,0,0,0,0,0.0
146145478,146145478,Azure/amqp-common-js,0,0,0,0,481,481,481,481,481,481,481,481,1.0
146637616,146637616,Azure/BatchSparkScoringPredictiveMaintenance,0,0,0,0,0,0,0,0,0,0,0,0,0.0
146650795,146650795,Azure/application-gateway-kubernetes-ingress,0,98,98,152,152,197,695,695,695,1443,1584,1584,6.0
147452650,147452650,Azure/iotc-explorer,0,0,0,0,0,0,0,0,0,0,0,4,1.0
147873391,147873391,Azure/monaco-kusto,0,0,0,0,0,0,0,0,0,27,27,27,1.0
148089625,148089625,Azure/ignite-aks-bestpractices,0,0,0,0,0,0,0,0,0,0,0,0,0.0
148117979,148117979,Azure/DeepLearningForTimeSeriesForecasting,0,0,0,0,0,0,0,0,0,0,0,2,1.0
148227810,148227810,Azure/terraform-azurerm-vnetpeering,0,0,0,0,0,0,0,0,0,126,126,126,1.0
148284273,148284273,Azure/hpc-analytics,0,0,0,0,0,0,0,0,0,0,0,0,0.0
148676866,148676866,Azure/azure-iot-sdk-python-preview,5,5,5,5,5,97,1591,2882,3190,3190,3190,3190,5.0
149166153,149166153,Azure/RBatchScoring,0,0,0,0,6096,6096,6096,6096,6096,6096,6096,6096,1.0
149353594,149353594,Azure/azure-cosmos-cassandra-extensions,0,0,37,37,37,37,37,37,37,37,37,37,1.0
149679456,149679456,Azure/ms-rest-browserauth,0,0,0,0,0,0,437,437,437,437,437,437,1.0
149901047,149901047,Azure/azure-cosmos-tla,0,0,0,0,0,0,0,0,0,0,0,0,0.0
150790185,150790185,Azure/kubernetes-watchdog,0,0,0,0,0,0,0,0,0,0,0,0,0.0
152121494,152121494,Azure/DigitalTwins-Helper-Library,0,0,0,0,0,0,0,0,0,0,0,0,0.0
152122018,152122018,Azure/azure-sdk,13812,14747,14747,14747,14747,19234,20835,20835,20835,20859,21726,23373,7.0
152151039,152151039,Azure/RealtimeRDeployment,0,0,0,0,1060,1060,1060,1069,1069,42819,43339,43339,4.0
152293606,152293606,Azure/AtUniverse,15,15,15,15,15,15,15,15,15,15,15,15,1.0
152328173,152328173,Azure/terraform-azurerm-aks,0,98,98,98,195,195,195,279,279,279,279,317,4.0
152328721,152328721,Azure/terraform-azurerm-postgresql,0,0,0,0,0,0,0,0,0,66,66,66,1.0
152466989,152466989,Azure/terraform-azurerm-resource-group,0,0,0,54,54,54,54,54,54,54,54,54,1.0
152781891,152781891,Azure/LearnAI-KnowledgeMiningBootcamp,0,0,0,54,54,54,54,54,54,54,54,54,1.0
153670362,153670362,Azure/openapi-markdown,0,0,0,0,0,0,0,0,0,0,0,0,0.0
154420020,154420020,Azure/azure-notificationhubs-dotnet,0,196,196,196,294,294,394,394,473,473,613,613,5.0
155265625,155265625,Azure/azure-blueprints,0,0,0,0,0,0,50,50,50,50,50,50,1.0
155286803,155286803,Azure/Batch-Scoring-Deep-Learning-Models-With-AKS,0,0,0,0,0,0,0,0,0,0,0,0,0.0
155447233,155447233,Azure/aks-engine,10,1218,1329,37785,38911,41759,71839,80818,82224,108506,115343,127785,12.0
155528949,155528949,Azure/azch-captureorder,0,0,0,0,0,0,0,84,84,84,84,84,1.0
156205075,156205075,Azure/github-actions,0,0,0,0,0,0,0,0,0,0,0,0,0.0
156260788,156260788,Azure/azure-cosmos-dotnet-v3,0,98,135,190,190,742,1738,3499,3886,11116,15327,21227,10.0
157265817,157265817,Azure/mio-uds-windows,0,0,0,0,0,0,50,50,50,50,50,50,1.0
157433636,157433636,Azure/swagger-to-sdk,0,0,1579,1579,1579,2095,6188,6188,6188,6188,6188,6188,3.0
157585234,157585234,Azure/LearnAI-ADPM,0,0,0,0,0,0,0,0,0,0,0,0,0.0
157775724,157775724,Azure/AzSwaggerSpecsTestClone,0,0,0,0,0,0,0,0,0,0,0,0,0.0
157938628,157938628,Azure/cosmos-sign,0,0,0,0,0,0,0,0,0,0,0,0,0.0
158182791,158182791,Azure/azure-kusto-analytics-lib,0,0,0,0,0,0,0,0,0,0,0,0,0.0
158421882,158421882,Azure/azure-digital-twins-graph-viewer,5,103,103,103,103,103,103,103,103,103,103,103,2.0
158465443,158465443,Azure/azure-cli-dev-tools,0,0,0,0,0,0,2829,2829,2829,2829,3142,3142,2.0
158668055,158668055,Azure/azure-kusto-docs-samples,0,0,0,0,0,0,0,0,0,0,0,0,0.0
161220480,161220480,Azure/meta-iotedge,5,5,5,5,5,5,5,5,5,5,5,5,1.0
161849870,161849870,Azure/spark-cdm,0,0,0,0,0,0,0,84,84,150,150,150,2.0
162323729,162323729,Azure/kubernetes-challenge,0,0,0,0,0,0,0,0,0,0,0,0,0.0
162995765,162995765,Azure/azure-kusto-demos,0,0,0,0,0,0,0,0,0,0,0,0,0.0
164015265,164015265,Azure/azure-sdk-for-net-lab,140,140,140,140,172,172,172,172,172,172,172,172,2.0
164822489,164822489,Azure/azure-kusto-spark,5,5,5,5,5,5,5,5,5,5,5,5,1.0
165026479,165026479,Azure/hpcpack-acm-api-dotnet,0,0,0,0,0,0,0,0,0,0,0,0,0.0
165323748,165323748,Azure/swagger-to-sdk-ts,3219,3219,3219,3219,3219,3219,3219,3219,3219,3219,3219,3219,1.0
165717304,165717304,Azure/azure-functions-devops-build,0,124,124,124,124,124,124,124,124,198,198,198,2.0
165840773,165840773,Azure/hpcpack-acm-api-ps,0,0,0,0,0,0,0,0,0,0,0,0,0.0
165910472,165910472,Azure/iot-sdks-e2e-fx,0,0,37,37,37,910,2404,2532,2598,2622,3778,3778,7.0
166108011,166108011,Azure/azure-spatial-anchors-samples,0,0,0,0,0,0,0,0,79,145,145,145,2.0
166118302,166118302,Azure/azure-ulib-c,0,0,0,0,0,0,0,0,0,0,125,125,1.0
166358729,166358729,Azure/hpcpack-acm-ps,0,0,0,0,0,0,0,0,0,0,0,0,0.0
167082126,167082126,Azure/azure-iot-developer-kit-pages,15,15,15,15,15,15,15,99,99,99,99,99,2.0
167308149,167308149,Azure/azure-render-farm-manager,0,194,194,194,194,194,194,194,194,194,194,194,1.0
167625526,167625526,Azure/azch-frontend,10,10,10,10,10,10,10,10,10,10,92,92,2.0
167693110,167693110,Azure/IoT-Pi-Day,10,10,84,84,84,84,84,84,84,84,84,84,2.0
167779675,167779675,Azure/aznetsdk,10,10,10,6040,6040,6040,6040,6040,6040,6040,6040,6040,2.0
168243877,168243877,Azure/api-management-developer-portal,0,0,0,0,0,0,0,0,0,45,45,82,2.0
168460667,168460667,Azure/AzurePnPBridgePreview,0,0,0,0,0,0,0,0,0,0,0,0,0.0
168605860,168605860,Azure/azurestack-uptime-monitor,10,10,10,10,10,10,10,10,10,10,10,10,1.0
169325829,169325829,Azure/mlops,0,0,0,0,0,0,0,0,0,0,0,0,0.0
170359581,170359581,Azure/containe-compute-upstream,0,2530,2530,2530,2530,2530,2530,2530,2530,2530,2530,2530,1.0
170592186,170592186,Azure/azure-sdk-tools,0,230,230,230,230,230,7202,7286,7804,18999,18999,19815,6.0
170931942,170931942,Azure/azure-functions-performance-scenarios,0,230,230,230,230,230,230,230,230,230,230,230,1.0
171365327,171365327,Azure/vscode-kubernetes-tools-api,0,0,0,0,0,0,0,0,0,0,0,0,0.0
171960644,171960644,Azure/azure-sdk-for-python-lab,0,230,230,230,230,230,230,230,230,230,230,230,1.0
172757483,172757483,Azure/InferenceSchema,0,0,0,0,0,0,0,0,0,0,0,0,0.0
172814583,172814583,Azure/vdc,0,230,267,267,267,267,317,317,396,442,442,442,5.0
173348572,173348572,Azure/logger-js,0,0,210,210,243,243,680,680,680,680,771,773,5.0
173776180,173776180,Azure/Industrial-IoT,0,0,0,0,0,0,0,0,0,0,0,0,0.0
174426959,174426959,Azure/azure-functions-kafka-extension,0,0,0,383,550,550,600,600,600,600,600,600,3.0
174427161,174427161,Azure/azure-iot-c-back-compat,0,0,10,10,3943,3943,3943,3943,5548,5548,5548,5548,3.0
174588906,174588906,Azure/Microsoft.Extensions.Caching.Cosmos,0,0,10,10,10,10,10,10,10,10,10,48,2.0
174592135,174592135,Azure/batch-extension-templates,0,0,10,10,10,10,10,10,10,10,2386,4426,3.0
17469588,17469588,Azure/vagrant-azure,0,0,0,0,0,0,0,0,0,0,0,0,0.0
175147387,175147387,Azure/hpcpack-acm-portal,0,0,0,0,0,0,0,0,0,0,0,64,1.0
176383947,176383947,Azure/vscode-kubernetes-tools-api-samples,0,0,10,10,10,10,10,10,10,10,101,101,2.0
176806864,176806864,Azure/managed-services-samples,0,0,10,10,10,10,10,10,10,10,10,10,1.0
178156530,178156530,Azure/ASC-for-IoT,0,0,10,10,10,10,10,10,10,10,10,10,1.0
178157165,178157165,Azure/Azure-IoT-Security-Agent-CS,0,0,10,10,10,10,60,60,60,60,60,60,2.0
178812534,178812534,Azure/azure-iiot-oee-private,0,0,0,110,110,110,110,110,110,110,110,110,1.0
179023139,179023139,Azure/ansible-aks,0,0,0,10,10,10,60,60,60,83,83,83,3.0
180114099,180114099,Azure/OpenDatasetsNotebooks,0,0,0,0,0,0,0,0,0,0,0,0,0.0
180236118,180236118,Azure/azure-functions-extension-bundles,0,0,0,10,381,381,677,677,677,677,677,677,3.0
180433089,180433089,Azure/azure-functions-dotnet-extensions,0,0,0,554,554,554,554,554,554,1002,1002,1002,2.0
180610347,180610347,Azure/AzureML,0,0,0,10,10,10,10,10,10,10,10,10,1.0
180841380,180841380,Azure/dps-certgen,0,0,0,10,10,10,10,10,10,10,10,10,1.0
180843420,180843420,Azure/iotc-android-sample,0,0,0,10,10,10,10,10,10,10,10,10,1.0
181580186,181580186,Azure/rest-api-specs-scripts,0,0,0,10,10,10,923,923,923,923,923,923,2.0
181632813,181632813,Azure/customResourceProviders,0,0,0,10,10,10,10,10,10,10,10,10,1.0
182285585,182285585,Azure/iot-edge-object-model,0,0,0,10,10,10,10,10,10,10,10,10,1.0
183620631,183620631,Azure/azure-cnab-quickstarts,0,0,0,0,0,0,0,0,0,0,0,0,0.0
184343377,184343377,Azure/vscode-aks-tools,0,0,0,10,10,10,10,10,10,10,10,10,1.0
184346096,184346096,Azure/IoTPlugandPlay,0,0,0,0,0,0,0,0,0,0,70,70,1.0
184655500,184655500,Azure/Azure-Security-Centerr,0,0,0,0,160,160,160,160,160,160,230,268,3.0
184807541,184807541,Azure/azure-custom-providers,0,0,0,0,140,140,140,140,140,140,140,140,1.0
185446473,185446473,Azure/cosmos,0,0,0,0,140,140,140,140,140,140,140,140,1.0
185730300,185730300,Azure/cyclecloud-hands-on-labs,0,0,0,0,140,140,140,140,140,140,140,140,1.0
185843381,185843381,Azure/securedworkstation,0,0,0,0,225,225,225,225,225,225,225,225,1.0
186700904,186700904,Azure/iot-central-mobile,0,0,0,0,90,90,90,90,90,90,117,123,3.0
187152241,187152241,Azure/AzureR,0,0,0,0,2331,2331,2331,2365,2365,2365,2370,2370,3.0
187271865,187271865,Azure/AzureAuth,0,0,0,0,1278,1278,1278,1367,1367,10065,10104,10104,4.0
187547897,187547897,Azure/AzureStor,0,0,0,0,141,141,141,154,154,34713,34870,34908,5.0
187739640,187739640,Azure/magic-module-specs,0,0,0,0,0,134,37691,37691,37770,37770,37770,37770,3.0
187919241,187919241,Azure/autorest.devops,0,0,0,0,10,10,258706,258706,258706,258706,258706,258721,3.0
187983141,187983141,Azure/AzureContainers,0,0,0,0,144,144,144,158,158,162,248,248,4.0
187983539,187983539,Azure/AzureKeyVault,0,0,0,0,280,280,280,286,286,1026,1045,1045,4.0
188103829,188103829,Azure/ng-deploy-azure,0,0,0,0,0,0,50,50,50,50,50,50,1.0
188323605,188323605,Azure/github-nginx-cache,0,0,0,0,10,10,10,10,10,10,10,10,1.0
189985423,189985423,Azure/azure-kusto-ingestion-tools,0,0,0,0,0,290,290,290,290,290,290,290,1.0
190077066,190077066,Azure/terraform-azurerm-mariadb,0,0,0,0,0,220,220,220,220,220,220,220,1.0
190289573,190289573,Azure/repair-script-library,0,0,0,0,0,220,220,220,299,299,299,299,2.0
190519329,190519329,Azure/acr-task-commands,0,0,0,0,0,220,220,220,220,220,220,220,1.0
191314447,191314447,Azure/azure-iot-edge-c-module-vs,0,0,0,0,0,220,220,220,220,220,220,220,1.0
191972184,191972184,Azure/azhpc,0,0,0,0,0,220,220,220,220,220,220,220,1.0
192397699,192397699,Azure/ipython-cosmos-extension,0,0,0,0,0,220,220,220,220,220,220,220,1.0
192427364,192427364,Azure/azure-functions-servicebus-extension,0,0,0,0,0,220,781,781,1079,8406,8529,8529,5.0
192454956,192454956,Azure/azure-cef,0,0,0,0,0,220,220,220,220,220,220,220,1.0
192663368,192663368,Azure/mlhub,0,0,0,0,0,360,360,360,360,360,360,360,1.0
19356410,19356410,Azure/azure-websites-java-remote-debugging,5,5,5,5,5,5,5,5,5,5,5,5,1.0
193805272,193805272,Azure/acr-cli,0,0,0,0,0,190,190,190,190,190,261,261,2.0
193960083,193960083,Azure/AzureDatabricksBestPractices,0,0,0,0,0,0,0,0,0,0,0,0,0.0
194899508,194899508,Azure/.github,0,0,0,0,0,0,0,0,0,0,0,0,0.0
195464656,195464656,Azure/azure-functions-eventhubs-extension,0,0,0,0,0,0,1265,1265,7247,12040,12040,12040,3.0
195464871,195464871,Azure/azure-functions-rabbitmq-extension,0,0,0,0,0,0,41184,62755,78812,80222,80490,80883,6.0
19546694,19546694,Azure/azure-storage-node,0,0,0,137,137,137,137,137,199,199,199,205,3.0
195472455,195472455,Azure/azure-sdk-for-c,0,0,0,0,0,0,77,77,99,3556,3820,4636,5.0
196100826,196100826,Azure/AzureNotebooks-tests,0,0,0,0,0,0,0,0,0,0,0,0,0.0
196273513,196273513,Azure/azurehpc,0,0,0,0,0,0,0,0,0,0,0,0,0.0
196488172,196488172,Azure/AnsibleCollection,0,0,0,0,0,0,2893,2893,2893,2893,2893,2893,1.0
198303925,198303925,Azure/azure-iot-explorer,0,0,0,0,0,0,0,0,403,403,403,403,1.0
19841123,19841123,Azure/azure-linux-extensions,5,5,5,5,103,103,103,592,592,592,592,592,3.0
199062905,199062905,Azure/appservice-actions,0,0,0,0,0,0,0,0,0,0,3676,3676,1.0
199063217,199063217,Azure/k8s-actions,0,0,0,0,0,0,0,0,0,23,2530,2530,2.0
199470553,199470553,Azure/pykusto,0,0,0,0,0,0,15,165,165,231,231,231,3.0
199838560,199838560,Azure/actions,0,0,0,0,0,0,0,0,0,0,1630,1630,1.0
201168570,201168570,Azure/Telepathy,0,0,0,0,0,0,0,0,0,0,0,0,0.0
201207553,201207553,Azure/container-actions,0,0,0,0,0,0,0,0,28,28,87,87,2.0
202050948,202050948,Azure/hpcpack-web-portal,0,0,0,0,0,0,0,0,0,0,0,0,0.0
202071872,202071872,Azure/hpcpack-high-availability,0,0,0,0,0,0,0,75,75,75,75,75,1.0
202136150,202136150,Azure/actions-workflow-samples,0,0,0,0,0,0,0,0,0,326,4975,4975,2.0
202200775,202200775,Azure/IntelligentEdgeHOL,0,0,0,0,0,0,0,0,0,0,0,0,0.0
204188431,204188431,Azure/hpcpack-rest-api-angular-client,0,0,0,0,0,0,0,0,0,0,0,0,0.0
205409535,205409535,Azure/functions-action,0,0,0,0,0,0,0,0,0,1635,1765,1765,2.0
205410194,205410194,Azure/functions-container-action,0,0,0,0,0,0,0,0,0,0,130,130,1.0
20546198,20546198,Azure/azure-docker-extension,0,0,0,0,0,0,0,0,0,0,0,0,0.0
206243972,206243972,Azure/aks-set-context,0,0,0,0,0,0,0,0,0,66,1061,1061,2.0
206295157,206295157,Azure/k8s-deploy,0,0,0,0,0,0,0,0,0,0,71,71,1.0
206295410,206295410,Azure/docker-login,0,0,0,0,0,0,0,0,0,0,70,70,1.0
206835452,206835452,Azure/carprice,0,0,0,0,0,0,0,0,210,210,210,210,1.0
209221385,209221385,Azure/AzureVision,0,0,0,0,0,0,0,0,20,18448,18583,18583,3.0
209911609,209911609,Azure/AzureCognitive,0,0,0,0,0,0,0,0,20,1125,1135,1135,3.0
210791655,210791655,Azure/sql-action,0,0,0,0,0,0,0,0,0,0,140,140,1.0
210792663,210792663,Azure/mysql-action,0,0,0,0,0,0,0,0,0,0,66,66,1.0
212211081,212211081,Azure/azureml-rl-preview,0,0,0,0,0,0,0,0,0,1173,1173,1173,1.0
212412570,212412570,Azure/Storage-Feedback,0,0,0,0,0,0,0,0,0,1158,1158,1158,1.0
212518769,212518769,Azure/SAP-on-Azure-Scripts-and-Utilities,0,0,0,0,0,0,0,0,0,1023,1023,1023,1.0
212628259,212628259,Azure/Azure-Sentinel-Notebooks,0,0,0,0,0,0,0,0,0,1023,1023,1023,1.0
212919756,212919756,Azure/DiskInfo,0,0,0,0,0,0,0,0,0,1023,1023,1023,1.0
213451061,213451061,Azure/sg-aks-workshop,0,0,0,0,0,0,0,0,0,1276,1276,1314,2.0
213461598,213461598,Azure/azhpc-extensions,0,0,0,0,0,0,0,0,0,1023,1023,1023,1.0
213491828,213491828,Azure/aztext,0,0,0,0,0,0,0,0,0,1023,1023,1023,1.0
213727211,213727211,Azure/Ignite2019_IaC_pre-day_docs,0,0,0,0,0,0,0,0,0,1276,1276,1276,1.0
213768049,213768049,Azure/Azure-Sentinel-BYOML,0,0,0,0,0,0,0,0,0,510,510,510,1.0
214122488,214122488,Azure/tsana,0,0,0,0,0,0,0,0,0,1040,1040,1040,1.0
214242804,214242804,Azure/Azure-Blockchain-for-Hyperledger-Fabric-AKS-based-,0,0,0,0,0,0,0,0,0,410,410,410,1.0
214318958,214318958,Azure/flux,0,0,0,0,0,0,0,0,0,820,820,820,1.0
214515754,214515754,Azure/azhpc-images,0,0,0,0,0,0,0,0,0,820,820,820,1.0
214538545,214538545,Azure/dtdl_schema,0,0,0,0,0,0,0,0,0,443,443,443,1.0
215169280,215169280,Azure/Add-Comment-On-PullRequest-Action,0,0,0,0,0,0,0,0,0,799,799,799,1.0
215370385,215370385,Azure/Bright-Azure-Monitoring-Connector,0,0,0,0,0,0,0,0,0,820,820,820,1.0
215878505,215878505,Azure/IoTC-Reserved-IoTHub-List,0,0,0,0,0,0,0,0,0,820,820,820,1.0
215905001,215905001,Azure/Azure-Network-Security,0,0,0,0,0,0,0,0,0,820,820,820,1.0
21628729,21628729,Azure/azure-notificationhubs-samples,0,0,0,0,0,0,0,0,0,0,0,0,0.0
217056462,217056462,Azure/pipelines,0,0,0,0,0,0,0,0,0,0,10,10,1.0
217116311,217116311,Azure/hdinsight-mslearn,0,0,0,0,0,0,0,0,0,443,443,443,1.0
21712185,21712185,Azure/azure-webjobs-sdk,32244,36820,37037,37722,37774,37774,40592,40793,44670,57737,57737,58617,10.0
217416115,217416115,Azure/ml-functions-package-demo,0,0,0,0,0,0,0,0,0,0,0,0,0.0
217920403,217920403,Azure/aks-bestpractices-ignite19,0,0,0,0,0,0,0,0,0,820,820,820,1.0
218150910,218150910,Azure/ignite-day2-aks,0,0,0,0,0,0,0,0,0,820,890,890,2.0
218475283,218475283,Azure/cli,0,0,0,0,0,0,0,0,0,0,160,160,1.0
219286488,219286488,Azure/pizza_luis_bot,0,0,0,0,0,0,0,0,0,0,510,510,1.0
219510336,219510336,Azure/AppServiceIntegrationWithAzureMonitor,0,0,0,0,0,0,0,0,0,0,850,850,1.0
219510818,219510818,Azure/AppServiceIntegrationWithAzureMonitorDocs,0,0,0,0,0,0,0,0,0,0,850,850,1.0
219510863,219510863,Azure/AzureConnectedMachineDsc,0,0,0,0,0,0,0,0,0,0,0,0,0.0
219709037,219709037,Azure/BotBuilder-Samples,0,0,0,0,0,0,0,0,0,0,0,0,0.0
220361854,220361854,Azure/hpcpack-template,0,0,0,0,0,0,0,0,0,0,680,680,1.0
220408504,220408504,Azure/hpcpack,0,0,0,0,0,0,0,0,0,0,680,680,1.0
220619732,220619732,Azure/iot-workshop-asset-tracking,0,0,0,0,0,0,0,0,0,0,850,850,1.0
220925147,220925147,Azure/azure-kusto-orc-conv,0,0,0,0,0,0,0,0,0,0,700,700,1.0
220955743,220955743,Azure/k8s-lint,0,0,0,0,0,0,0,0,0,0,580,580,1.0
221085904,221085904,Azure/arm-ttk,0,0,0,0,0,0,0,0,0,0,580,580,1.0
221089154,221089154,Azure/azure-data-lake-storage-gen2-psmodule,0,0,0,0,0,0,0,0,0,0,580,580,1.0
221103218,221103218,Azure/azure-search-knowledge-mining,0,0,0,0,0,0,0,0,0,0,0,0,0.0
221192111,221192111,Azure/Bright-AppInsights-Monitoring-Connector,0,0,0,0,0,0,0,0,0,0,580,580,1.0
221327002,221327002,Azure/telegraf-1,0,0,0,0,0,0,0,0,0,0,0,0,0.0
221330128,221330128,Azure/telegraf,0,0,0,0,0,0,0,0,0,0,0,0,0.0
221338252,221338252,Azure/CommunityPolicyRepo,0,0,0,0,0,0,0,0,0,0,580,580,1.0
222541833,222541833,Azure/azure-sphere-wpa-supplicant,0,0,0,0,0,0,0,0,0,0,650,650,1.0
223276019,223276019,Azure/MLOpsPython,0,0,0,0,0,0,0,0,0,0,0,0,0.0
223498655,223498655,Azure/CBLD-base-files,0,0,0,0,0,0,0,0,0,0,0,0,0.0
223851515,223851515,Azure/DAICE_DatabricksSparkDevOps,0,0,0,0,0,0,0,0,0,0,580,580,1.0
226059721,226059721,Azure/autorest.az,0,0,0,0,0,0,0,0,0,0,0,1296,1.0
226292767,226292767,Azure/azure-rest-api-specs-pipeline,0,0,0,0,0,0,0,0,0,0,0,660,1.0
226415020,226415020,Azure/autorest.compare,0,0,0,0,0,0,0,0,0,0,0,781,1.0
226687778,226687778,Azure/telegraf-mdm,0,0,0,0,0,0,0,0,0,0,0,495,1.0
226809676,226809676,Azure/openapi-platform-pipelines,0,0,0,0,0,0,0,0,0,0,0,440,1.0
227262990,227262990,Azure/go-amqp,0,0,0,0,0,0,0,0,0,0,0,358,1.0
22739272,22739272,Azure/azure-cosmos-dotnet-v2,0,0,1249,1249,1249,1249,1249,1249,1249,1249,1249,1249,1.0
22739277,22739277,Azure/azure-cosmos-python,5,5,5,5,988,988,988,988,988,988,988,988,2.0
227499428,227499428,Azure/autorest.cli.common,0,0,0,0,0,0,0,0,0,0,0,479,1.0
22855240,22855240,Azure/azure-sdk-for-go,0,0,91,145,227,227,2236,2884,6739,11490,13669,14537,9.0
23086102,23086102,Azure/azure-webjobs-sdk-samples,0,0,0,0,0,0,0,0,0,0,0,0,0.0
23891194,23891194,Azure/azure-powershell,40,1099,1339,4375,5734,9585,25259,30997,38626,89006,104486,112531,12.0
24507871,24507871,Azure/Azure-Media-Services-Explorer,0,0,0,0,0,0,0,0,0,0,70,70,1.0
24898533,24898533,Azure/durabletask,0,0,0,0,0,0,0,75,75,581,581,581,2.0
24960549,24960549,Azure/Azure-DataFactory,0,0,60,60,60,60,60,60,60,60,1492,1492,2.0
25252739,25252739,Azure/hpcpack-linux-agent,0,0,0,32,32,32,32,32,32,32,32,32,1.0
26500561,26500561,Azure/connectthedots,0,0,0,0,0,0,0,0,0,0,0,0,0.0
2928944,2928944,Azure/azure-sdk-for-net,180,750,838,1168,1671,9973,18321,23583,35267,92803,105671,118887,12.0
2928948,2928948,Azure/azure-sdk-for-java,0,884,781589,782706,782706,783399,821704,824707,836891,898590,923188,949851,10.0
2950981,2950981,Azure/azure-sdk-for-node,77511,77577,77577,77577,79404,79449,122263,123008,123344,123507,123801,124284,10.0
31089461,31089461,Azure/autorest,481,525,525,866,1073,1110,2774,2774,9792,10136,10136,23717,9.0
31940017,31940017,Azure/azure-iot-protocol-gateway,0,0,0,0,0,0,0,0,0,0,0,0,0.0
34407651,34407651,Azure/azure-quickstart-templates,4,329,506,818,902,1037,1115,1263,1445,1795,2006,2081,12.0
34533958,34533958,Azure/azure-resource-manager-schemas,0,65,65,65,148,193,310,4016,5383,31849,44130,44130,8.0
36027231,36027231,Azure/azure-webjobs-sdk-extensions,0,0,0,0,17,17,217,217,1647,2700,2700,2700,4.0
36038608,36038608,Azure/azure-batch-maya,0,0,0,0,0,0,78,78,78,78,78,78,1.0
39039065,39039065,Azure/azure-storage-python,467,467,724,724,724,724,989,989,989,989,989,989,3.0
39093389,39093389,Azure/azure-rest-api-specs,1470,2345,77061,91607,99090,103179,239424,240016,242729,252225,254699,293887,12.0
39398382,39398382,Azure/go-autorest,0,0,0,149,149,149,149,223,223,308,308,308,3.0
39550433,39550433,Azure/azure-iot-remote-monitoring,0,0,0,0,0,0,0,0,0,0,0,0,0.0
39550478,39550478,Azure/azure-iot-predictive-maintenance,0,0,0,0,0,0,0,0,0,0,0,0,0.0
40145877,40145877,Azure/amqpnetlite,1,1,1,1,1,1,40,188,188,188,188,188,3.0
4127088,4127088,Azure/azure-sdk-for-python,14786,29252,722772,749781,749887,767796,952918,955522,964746,1005376,1031021,1039802,12.0
41836441,41836441,Azure/azure-iot-sdks,0,0,0,0,0,0,0,0,0,0,0,0,0.0
41898845,41898845,Azure/azure-event-hubs-spark,0,0,0,0,0,31,31,31,31,31,31,31,1.0
42548553,42548553,Azure/azure-functions-host,23668,43676,52654,54651,56778,62536,94234,124882,155134,179761,179930,182539,12.0
44032489,44032489,Azure/azure-xplat-arm-tooling,0,0,0,0,0,0,39,113,113,113,113,113,2.0
44136406,44136406,Azure/azure-amqp,0,0,0,0,0,0,0,74,74,74,74,74,1.0
44776068,44776068,Azure/AzureStack-QuickStart-Templates,1,1,1,1,85,185,224,298,298,343,345,345,7.0
44986892,44986892,Azure/azure-c-shared-utility,0,0,0,552,3140,3140,3140,3140,4113,5760,6690,6690,5.0
4576639,4576639,Azure/WALinuxAgent,0,66,66,116,116,116,116,116,150,150,219,219,4.0
46543317,46543317,Azure/azure-uamqp-c,0,116,116,116,650,650,650,650,1072,1072,1545,1545,4.0
47300762,47300762,Azure/azure-umqtt-c,0,29,29,29,295,295,295,295,1644,1644,2078,2078,4.0
51040886,51040886,Azure/azure-cli,350,2412,5789,8542,8880,10103,50532,51355,57484,63774,69085,70595,12.0
51108542,51108542,Azure/SONiC,934,1486,1545,1545,1795,2933,3731,3956,4112,4462,7078,7128,11.0
51481680,51481680,Azure/sonic-tam,0,0,0,0,0,0,0,0,0,0,0,0,0.0
51481910,51481910,Azure/sonic-ztp,0,0,0,0,0,0,0,0,0,0,2239,2239,1.0
51939937,51939937,Azure/sonic-stp,0,0,0,0,0,0,0,0,26,26,1142,1142,2.0
51939969,51939969,Azure/sonic-mgmt-framework,0,0,0,0,0,30,69,69,95,136,412,437,6.0
52169157,52169157,Azure/sonic-platform-modules-s6000,0,0,0,0,0,0,0,0,0,0,0,0,0.0
52470131,52470131,Azure/azure-functions-templates,666,1318,1667,1671,2620,2620,2706,2706,2706,2713,2713,2812,8.0
52558128,52558128,Azure/sonic-build-tools,0,0,0,0,7939,8033,10929,10929,10929,10929,13594,15321,5.0
52558133,52558133,Azure/sonic-mgmt,134,157,216,216,1618,1696,3220,3369,3369,3369,4530,5281,9.0
53158536,53158536,Azure/sonic-telemetry,0,0,0,0,12,12,90,90,116,116,136,136,4.0
53432430,53432430,Azure/sonic-py-swsssdk,9,9,9,9,9,9,9,9,9,9,9,225,2.0
53432472,53432472,Azure/sonic-buildimage,562,958,1076,1225,7966,8623,11054,11646,11802,12020,15299,16621,12.0
53451335,53451335,Azure/sonic-sairedis,46,101,101,152,433,495,1424,1498,1498,1498,1910,2052,9.0
53913271,53913271,Azure/umock-c,0,0,0,0,974,974,974,974,1104,1104,1104,1104,2.0
55558713,55558713,Azure/Azure-Functions,63,2793,2973,3524,3594,3602,3807,3807,3983,4155,4155,4316,10.0
58098060,58098060,Azure/azure-ctest,0,0,0,0,11,11,11,11,11,11,11,11,1.0
63598975,63598975,Azure/LearnAnalytics-mr4ds,0,0,0,0,0,0,0,0,0,0,0,0,0.0
63614240,63614240,Azure/azure-docs-sdk-dotnet,3075,3075,3075,3075,3075,3075,3075,3075,3075,3075,3075,3075,1.0
64148806,64148806,Azure/blobxfer,0,0,0,0,0,0,0,0,0,0,0,0,0.0
6506651,6506651,Azure/azure-xplat-cli,0,0,0,0,0,0,4156,4156,4156,4156,4156,4194,2.0
70934373,70934373,Azure/azure-iot-sdk-c,0,268,268,268,5382,5383,5556,5558,10047,13351,15048,15081,9.0
70935438,70935438,Azure/azure-iot-sdk-java,0,65,65,25918,28577,31610,48564,53571,60075,79888,89163,101276,10.0
70936151,70936151,Azure/azure-iot-sdk-csharp,0,534,593,16557,16766,21959,31723,32327,33952,47753,55586,56628,11.0
71665710,71665710,Azure/azure-macro-utils-c,0,0,0,0,399,399,399,399,399,399,399,399,1.0
72820841,72820841,Azure/acr,0,0,0,0,0,0,0,0,0,22,22,47,2.0
77990768,77990768,Azure/azure-functions-core-tools,3850,8302,8544,8548,9522,9533,13091,15889,20426,24494,25360,25675,12.0
78897795,78897795,Azure/azure-iot-device-ecosystem.zh-cn,10830,10830,10830,10830,10830,10830,10830,10830,10830,10830,10830,10830,1.0
87485463,87485463,Azure/api-management-policy-snippets,0,0,0,0,0,0,0,0,26,163,163,163,2.0
87970287,87970287,Azure/azure-docs-cli-python.de-de,8960,9710,9710,9710,9710,9710,9710,9710,9710,9710,9710,9710,2.0
88677612,88677612,Azure/azure-functions-vs-build-sdk,268,268,273,463,546,546,580,580,580,647,649,989,8.0
90411188,90411188,Azure/draft,0,65,124,124,207,207,207,207,207,248,248,248,4.0
95703947,95703947,Azure/azure-docs-powershell.de-DE,1010,1025,1025,1025,1025,1025,1025,1025,1025,1025,1025,1025,2.0
